gene.id,gene.name,function
ENSG00000131584.18,ACAP3,protein coding
ENSG00000169972.11,PUSL1,protein coding
ENSG00000175756.13,AURKAIP1,protein coding
ENSG00000179403.11,VWA1,protein coding
ENSG00000205090.8,TMEM240,protein coding
ENSG00000078369.17,GNB1,protein coding
ENSG00000157933.9,SKI,protein coding
ENSG00000197921.5,HES5,protein coding
ENSG00000157870.14,FAM213B,protein coding
ENSG00000142611.16,PRDM16,protein coding
ENSG00000158109.14,TPRG1L,protein coding
ENSG00000116213.15,WRAP73,protein coding
ENSG00000162592.9,CCDC27,protein coding
ENSG00000116198.12,CEP104,protein coding
ENSG00000162408.10,NOL9,protein coding
ENSG00000049245.12,VAMP3,protein coding
ENSG00000116288.12,PARK7,protein coding
ENSG00000171608.15,PIK3CD,protein coding
ENSG00000178585.14,CTNNBIP1,protein coding
ENSG00000054523.17,KIF1B,protein coding
ENSG00000175262.14,C1orf127,protein coding
ENSG00000116685.15,KIAA2013,protein coding
ENSG00000116688.16,MFN2,protein coding
ENSG00000028137.18,TNFRSF1B,protein coding
ENSG00000188984.11,AADACL3,protein coding
ENSG00000116726.4,PRAMEF12,protein coding
ENSG00000187545.5,PRAMEF10,protein coding
ENSG00000204478.9,PRAMEF20,protein coding
ENSG00000142634.12,EFHD2,protein coding
ENSG00000132906.17,CASP9,protein coding
ENSG00000117118.9,SDHB,protein coding
ENSG00000178828.6,RNF186,protein coding
ENSG00000188257.10,PLA2G2A,protein coding
ENSG00000127472.10,PLA2G5,protein coding
ENSG00000090432.6,MUL1,protein coding
ENSG00000117245.12,KIF17,protein coding
ENSG00000189410.11,SH2D5,protein coding
ENSG00000127483.17,HP1BP3,protein coding
ENSG00000020633.18,RUNX3,protein coding
ENSG00000175707.8,KDF1,protein coding
ENSG00000126705.13,AHDC1,protein coding
ENSG00000169403.11,PTAFR,protein coding
ENSG00000130766.4,SESN2,protein coding
ENSG00000162419.12,GMEB1,protein coding
ENSG00000116478.11,HDAC1,protein coding
ENSG00000225828.1,FAM229A,protein coding
ENSG00000121900.18,TMEM54,protein coding
ENSG00000189280.3,GJB5,protein coding
ENSG00000243749.1,TMEM35B,protein coding
ENSG00000116819.6,TFAP2E,protein coding
ENSG00000126070.19,AGO3,protein coding
ENSG00000116871.15,MAP7D1,protein coding
ENSG00000214193.10,SH3D21,protein coding
ENSG00000169218.13,RSPO1,protein coding
ENSG00000196449.3,YRDC,protein coding
ENSG00000188786.9,MTF1,protein coding
ENSG00000198754.5,OXCT2,protein coding
ENSG00000084070.11,SMAP2,protein coding
ENSG00000187815.9,ZFP69,protein coding
ENSG00000117013.14,KCNQ4,protein coding
ENSG00000171790.15,SLFNL1,protein coding
ENSG00000198815.8,FOXJ3,protein coding
ENSG00000186409.14,CCDC30,protein coding
ENSG00000065978.18,YBX1,protein coding
ENSG00000117394.20,SLC2A1,protein coding
ENSG00000066056.13,TIE1,protein coding
ENSG00000066135.12,KDM4A,protein coding
ENSG00000196517.11,SLC6A9,protein coding
ENSG00000171872.4,KLF17,protein coding
ENSG00000142945.12,KIF2C,protein coding
ENSG00000186603.5,HPDL,protein coding
ENSG00000117450.13,PRDX1,protein coding
ENSG00000117472.9,TSPAN1,protein coding
ENSG00000117481.10,NSUN4,protein coding
ENSG00000162365.11,CYP4A22,protein coding
ENSG00000132122.11,SPATA6,protein coding
ENSG00000085832.16,EPS15,protein coding
ENSG00000211452.10,DIO1,protein coding
ENSG00000162399.6,BSND,protein coding
ENSG00000177606.6,JUN,protein coding
ENSG00000134709.10,HOOK1,protein coding
ENSG00000125703.14,ATG4C,protein coding
ENSG00000142856.16,ITGB3BP,protein coding
ENSG00000203965.12,EFCAB7,protein coding
ENSG00000158966.13,CACHD1,protein coding
ENSG00000118473.21,SGIP1,protein coding
ENSG00000116754.13,SRSF11,protein coding
ENSG00000132485.13,ZRANB2,protein coding
ENSG00000172260.14,NEGR1,protein coding
ENSG00000142892.14,PIGK,protein coding
ENSG00000122420.9,PTGFR,protein coding
ENSG00000171502.14,COL24A1,protein coding
ENSG00000122417.15,ODF2L,protein coding
ENSG00000137947.11,GTF2B,protein coding
ENSG00000162645.12,GBP2,protein coding
ENSG00000137948.18,BRDT,protein coding
ENSG00000067208.14,EVI5,protein coding
ENSG00000117505.12,DR1,protein coding
ENSG00000198691.11,ABCA4,protein coding
ENSG00000099260.10,PALMD,protein coding
ENSG00000134215.15,VAV3,protein coding
ENSG00000197780.9,TAF13,protein coding
ENSG00000143126.7,CELSR2,protein coding
ENSG00000134222.16,PSRC1,protein coding
ENSG00000134243.11,SORT1,protein coding
ENSG00000116337.15,AMPD2,protein coding
ENSG00000186150.4,UBL4B,protein coding
ENSG00000143105.7,KCNA10,protein coding
ENSG00000197323.11,TRIM33,protein coding
ENSG00000134253.9,TRIM45,protein coding
ENSG00000263353.3,PPIAL4A,protein coding
ENSG00000272031.2,ANKRD34A,protein coding
ENSG00000168509.19,HFE2,protein coding
ENSG00000131781.12,FMO5,protein coding
ENSG00000269713.7,NBPF9,protein coding
ENSG00000271383.6,NBPF19,protein coding
ENSG00000203852.3,HIST2H3A,protein coding
ENSG00000143401.14,ANP32E,protein coding
ENSG00000143412.9,ANXA9,protein coding
ENSG00000143367.15,TUFT1,protein coding
ENSG00000159409.14,CELF3,protein coding
ENSG00000159445.12,THEM4,protein coding
ENSG00000197747.8,S100A10,protein coding
ENSG00000197915.5,HRNR,protein coding
ENSG00000187238.5,LCE3B,protein coding
ENSG00000187173.3,LCE2A,protein coding
ENSG00000240386.3,LCE1F,protein coding
ENSG00000197084.5,LCE1C,protein coding
ENSG00000203784.2,LELP1,protein coding
ENSG00000143543.14,JTB,protein coding
ENSG00000143537.13,ADAM15,protein coding
ENSG00000143627.17,PKLR,protein coding
ENSG00000132680.10,KIAA0907,protein coding
ENSG00000198715.11,GLMP,protein coding
ENSG00000163468.14,CCT3,protein coding
ENSG00000132694.18,ARHGEF11,protein coding
ENSG00000158473.6,CD1D,protein coding
ENSG00000203757.1,OR6K3,protein coding
ENSG00000163564.14,PYHIN1,protein coding
ENSG00000196266.4,OR10J3,protein coding
ENSG00000188004.9,C1orf204,protein coding
ENSG00000162734.12,PEA15,protein coding
ENSG00000186517.13,ARHGAP30,protein coding
ENSG00000143224.17,PPOX,protein coding
ENSG00000158859.9,ADAMTS4,protein coding
ENSG00000158869.10,FCER1G,protein coding
ENSG00000143252.14,SDHC,protein coding
ENSG00000143194.12,MAEL,protein coding
ENSG00000143167.11,GPA33,protein coding
ENSG00000034971.16,MYOC,protein coding
ENSG00000010165.19,METTL13,protein coding
ENSG00000162753.11,SLC9C2,protein coding
ENSG00000116161.17,CACYBP,protein coding
ENSG00000120332.15,TNN,protein coding
ENSG00000186283.13,TOR3A,protein coding
ENSG00000057252.12,SOAT1,protein coding
ENSG00000143340.6,FAM163A,protein coding
ENSG00000143324.13,XPR1,protein coding
ENSG00000135838.13,NPL,protein coding
ENSG00000135829.16,DHX9,protein coding
ENSG00000058085.14,LAMC2,protein coding
ENSG00000127074.14,RGS13,protein coding
ENSG00000134371.10,CDC73,protein coding
ENSG00000143278.3,F13B,protein coding
ENSG00000213047.12,DENND1B,protein coding
ENSG00000151418.11,ATP6V1G3,protein coding
ENSG00000232237.3,ASCL5,protein coding
ENSG00000118194.18,TNNT2,protein coding
ENSG00000159176.13,CSRP1,protein coding
ENSG00000163435.15,ELF3,protein coding
ENSG00000143851.15,PTPN7,protein coding
ENSG00000143858.11,SYT2,protein coding
ENSG00000117139.16,KDM5B,protein coding
ENSG00000174502.18,SLC26A9,protein coding
ENSG00000263961.6,C1orf186,protein coding
ENSG00000143486.15,EIF2D,protein coding
ENSG00000162892.15,IL24,protein coding
ENSG00000009790.14,TRAF3IP3,protein coding
ENSG00000162772.16,ATF3,protein coding
ENSG00000196482.16,ESRRG,protein coding
ENSG00000117791.15,2-Mar,protein coding
ENSG00000186063.12,AIDA,protein coding
ENSG00000154309.8,DISP1,protein coding
ENSG00000162909.17,CAPN2,protein coding
ENSG00000143815.14,LBR,protein coding
ENSG00000163041.9,H3F3A,protein coding
ENSG00000143772.9,ITPKB,protein coding
ENSG00000196890.4,HIST3H2BB,protein coding
ENSG00000135775.13,COG2,protein coding
ENSG00000116918.13,TSNAX,protein coding
ENSG00000173726.10,TOMM20,protein coding
ENSG00000162885.12,B3GALNT2,protein coding
ENSG00000119285.10,HEATR1,protein coding
ENSG00000133019.11,CHRM3,protein coding
ENSG00000155816.19,FMN2,protein coding
ENSG00000203668.2,CHML,protein coding
ENSG00000054282.15,SDCCAG8,protein coding
ENSG00000117020.16,AKT3,protein coding
ENSG00000179397.17,C1orf101,protein coding
ENSG00000188295.14,ZNF669,protein coding
ENSG00000169224.12,GCSAML,protein coding
ENSG00000177489.1,OR2G2,protein coding
ENSG00000197454.1,OR2L5,protein coding
ENSG00000188558.5,OR2G6,protein coding
ENSG00000118004.17,COLEC11,protein coding
ENSG00000115738.9,ID2,protein coding
ENSG00000172059.10,KLF11,protein coding
ENSG00000162975.4,KCNF1,protein coding
ENSG00000118961.14,LDAH,protein coding
ENSG00000084693.15,AGBL5,protein coding
ENSG00000138074.14,SLC5A6,protein coding
ENSG00000157992.12,KRTCAP3,protein coding
ENSG00000198522.13,GPN1,protein coding
ENSG00000171103.10,TRMT61B,protein coding
ENSG00000171094.16,ALK,protein coding
ENSG00000055332.16,EIF2AK2,protein coding
ENSG00000115841.19,RMDN2,protein coding
ENSG00000188010.12,MORN2,protein coding
ENSG00000214694.10,ARHGEF33,protein coding
ENSG00000143924.18,EML4,protein coding
ENSG00000138083.4,SIX3,protein coding
ENSG00000068781.21,STON1-GTF2A1L,protein coding
ENSG00000178021.10,TSPYL6,protein coding
ENSG00000177994.15,C2orf73,protein coding
ENSG00000115306.15,SPTBN1,protein coding
ENSG00000115380.19,EFEMP1,protein coding
ENSG00000237651.6,C2orf74,protein coding
ENSG00000115504.14,EHBP1,protein coding
ENSG00000115507.9,OTX1,protein coding
ENSG00000143951.15,WDPCP,protein coding
ENSG00000014641.17,MDH1,protein coding
ENSG00000115946.7,PNO1,protein coding
ENSG00000115956.9,PLEK,protein coding
ENSG00000183607.9,GKN2,protein coding
ENSG00000196975.15,ANXA4,protein coding
ENSG00000244617.2,ASPRV1,protein coding
ENSG00000116039.11,ATP6V1B1,protein coding
ENSG00000144031.11,ANKRD53,protein coding
ENSG00000144040.12,SFXN5,protein coding
ENSG00000135617.3,PRADC1,protein coding
ENSG00000144048.10,DUSP11,protein coding
ENSG00000188687.17,SLC4A5,protein coding
ENSG00000115307.16,AUP1,protein coding
ENSG00000115353.10,TACR1,protein coding
ENSG00000034510.5,TMSB10,protein coding
ENSG00000118640.10,VAMP8,protein coding
ENSG00000153561.12,RMND5A,protein coding
ENSG00000183281.14,PLGLB1,protein coding
ENSG00000125551.18,PLGLB2,protein coding
ENSG00000259916.1,RP11-407P15.2,protein coding
ENSG00000158050.4,DUSP2,protein coding
ENSG00000158158.11,CNNM4,protein coding
ENSG00000168763.15,CNNM3,protein coding
ENSG00000168758.10,SEMA4C,protein coding
ENSG00000273045.5,C2orf15,protein coding
ENSG00000115607.9,IL18RAP,protein coding
ENSG00000135973.2,GPR45,protein coding
ENSG00000115641.18,FHL2,protein coding
ENSG00000071051.13,NCK2,protein coding
ENSG00000196862.9,RGPD4,protein coding
ENSG00000198203.9,SULT1C2,protein coding
ENSG00000144063.3,MALL,protein coding
ENSG00000153094.22,BCL2L11,protein coding
ENSG00000125630.15,POLR1B,protein coding
ENSG00000136695.14,IL36RN,protein coding
ENSG00000163064.6,EN1,protein coding
ENSG00000171227.6,TMEM37,protein coding
ENSG00000144120.12,TMEM177,protein coding
ENSG00000115112.7,TFCP2L1,protein coding
ENSG00000163161.12,ERCC3,protein coding
ENSG00000115718.17,PROC,protein coding
ENSG00000136720.6,HS6ST1,protein coding
ENSG00000136710.9,CCDC115,protein coding
ENSG00000188219.14,POTEE,protein coding
ENSG00000163040.14,CCDC74A,protein coding
ENSG00000150551.10,LYPD1,protein coding
ENSG00000115839.17,RAB3GAP1,protein coding
ENSG00000121989.14,ACVR2A,protein coding
ENSG00000157827.19,FMNL2,protein coding
ENSG00000115165.9,CYTIP,protein coding
ENSG00000144283.21,PKP4,protein coding
ENSG00000123636.17,BAZ2B,protein coding
ENSG00000136536.14,7-Mar,protein coding
ENSG00000172318.5,B3GALT1,protein coding
ENSG00000138430.15,OLA1,protein coding
ENSG00000217236.1,SP9,protein coding
ENSG00000138433.15,CIR1,protein coding
ENSG00000154518.9,ATP5G3,protein coding
ENSG00000174279.4,EVX2,protein coding
ENSG00000018510.13,AGPS,protein coding
ENSG00000197557.6,TTC30A,protein coding
ENSG00000128655.16,PDE11A,protein coding
ENSG00000162998.4,FRZB,protein coding
ENSG00000115368.9,WDR75,protein coding
ENSG00000128694.11,OSGEPL1,protein coding
ENSG00000198130.15,HIBCH,protein coding
ENSG00000081320.10,STK17B,protein coding
ENSG00000162944.10,RFTN2,protein coding
ENSG00000119042.16,SATB2,protein coding
ENSG00000119013.8,NDUFB3,protein coding
ENSG00000003400.14,CASP10,protein coding
ENSG00000144426.18,NBEAL1,protein coding
ENSG00000163600.12,ICOS,protein coding
ENSG00000118231.4,CRYGD,protein coding
ENSG00000182187.3,CRYGB,protein coding
ENSG00000115461.4,IGFBP5,protein coding
ENSG00000135913.10,USP37,protein coding
ENSG00000144580.13,CNOT9,protein coding
ENSG00000115556.13,PLCD4,protein coding
ENSG00000074582.12,BCS1L,protein coding
ENSG00000163497.2,FEV,protein coding
ENSG00000163499.11,CRYBA2,protein coding
ENSG00000243910.7,TUBA4B,protein coding
ENSG00000182698.11,RESP18,protein coding
ENSG00000175084.11,DES,protein coding
ENSG00000124006.14,OBSL1,protein coding
ENSG00000144589.21,STK11IP,protein coding
ENSG00000152049.6,KCNE4,protein coding
ENSG00000036257.12,CUL3,protein coding
ENSG00000115009.11,CCL20,protein coding
ENSG00000185404.16,SP140L,protein coding
ENSG00000144524.17,COPS7B,protein coding
ENSG00000144535.19,DIS3L2,protein coding
ENSG00000163283.6,ALPP,protein coding
ENSG00000163295.4,ALPI,protein coding
ENSG00000241635.7,UGT1A1,protein coding
ENSG00000144481.16,TRPM8,protein coding
ENSG00000157985.18,AGAP1,protein coding
ENSG00000071677.1,PRLH,protein coding
ENSG00000124831.18,LRRFIP1,protein coding
ENSG00000068024.16,HDAC4,protein coding
ENSG00000115685.14,PPP1R7,protein coding
ENSG00000146205.13,ANO7,protein coding
ENSG00000168385.17,2-Sep,protein coding
ENSG00000006607.13,FARP2,protein coding
ENSG00000168397.16,ATG4B,protein coding
ENSG00000168395.15,ING5,protein coding
ENSG00000216921.7,AC131097.4,protein coding
ENSG00000134115.12,CNTN6,protein coding
ENSG00000070950.9,RAD18,protein coding
ENSG00000168137.15,SETD5,protein coding
ENSG00000163719.19,MTMR14,protein coding
ENSG00000125037.12,EMC3,protein coding
ENSG00000144559.10,TAMM41,protein coding
ENSG00000157152.16,SYN2,protein coding
ENSG00000157150.4,TIMP4,protein coding
ENSG00000154767.14,XPC,protein coding
ENSG00000131389.16,SLC6A6,protein coding
ENSG00000154781.15,CCDC174,protein coding
ENSG00000154783.11,FGD5,protein coding
ENSG00000177463.15,NR2C2,protein coding
ENSG00000131373.14,HACL1,protein coding
ENSG00000131386.17,GALNT15,protein coding
ENSG00000163576.17,EFHB,protein coding
ENSG00000170142.11,UBE2E1,protein coding
ENSG00000151093.7,OXSM,protein coding
ENSG00000144645.13,OSBPL10,protein coding
ENSG00000173705.8,SUSD5,protein coding
ENSG00000170248.13,PDCD6IP,protein coding
ENSG00000144674.16,GOLGA4,protein coding
ENSG00000114745.13,GORASP1,protein coding
ENSG00000168026.18,TTC21A,protein coding
ENSG00000188846.13,RPL14,protein coding
ENSG00000011376.9,LARS2,protein coding
ENSG00000012223.12,LTF,protein coding
ENSG00000261603.1,PRSS46,protein coding
ENSG00000160799.11,CCDC12,protein coding
ENSG00000172113.8,NME6,protein coding
ENSG00000068745.14,IP6K2,protein coding
ENSG00000221883.2,ARIH2OS,protein coding
ENSG00000067560.10,RHOA,protein coding
ENSG00000003756.16,RBM5,protein coding
ENSG00000001617.11,SEMA3F,protein coding
ENSG00000243477.5,NAT6,protein coding
ENSG00000114378.16,HYAL1,protein coding
ENSG00000145050.15,MANF,protein coding
ENSG00000259956.1,RBM15B,protein coding
ENSG00000164081.12,TEX264,protein coding
ENSG00000272573.5,MUSTN1,protein coding
ENSG00000163935.13,SFMBT1,protein coding
ENSG00000163933.9,RFT1,protein coding
ENSG00000198643.6,FAM3D,protein coding
ENSG00000189283.9,FHIT,protein coding
ENSG00000172986.12,GXYLT2,protein coding
ENSG00000113805.8,CNTN3,protein coding
ENSG00000083937.8,CHMP2B,protein coding
ENSG00000196098.2,OR5K4,protein coding
ENSG00000206535.7,LNP1,protein coding
ENSG00000181458.10,TMEM45A,protein coding
ENSG00000196776.14,CD47,protein coding
ENSG00000163507.13,KIAA1524,protein coding
ENSG00000241224.7,FLJ22763,protein coding
ENSG00000144848.10,ATG3,protein coding
ENSG00000206530.10,CFAP44,protein coding
ENSG00000151576.10,QTRT2,protein coding
ENSG00000114013.15,CD86,protein coding
ENSG00000138463.8,DIRC2,protein coding
ENSG00000206527.9,HACD2,protein coding
ENSG00000144908.13,ALDH1L1,protein coding
ENSG00000180697.8,C3orf22,protein coding
ENSG00000197763.14,TXNRD3,protein coding
ENSG00000163902.11,RPN1,protein coding
ENSG00000172780.16,RAB43,protein coding
ENSG00000169714.16,CNBP,protein coding
ENSG00000163914.4,RHO,protein coding
ENSG00000017260.19,ATP2C1,protein coding
ENSG00000081307.12,UBA5,protein coding
ENSG00000113971.19,NPHP3,protein coding
ENSG00000154928.16,EPHB1,protein coding
ENSG00000174611.11,KY,protein coding
ENSG00000168917.8,SLC35G2,protein coding
ENSG00000168875.2,SOX14,protein coding
ENSG00000158163.14,DZIP1L,protein coding
ENSG00000138231.12,DBR1,protein coding
ENSG00000069849.10,ATP1B3,protein coding
ENSG00000163746.11,PLSCR2,protein coding
ENSG00000188313.12,PLSCR1,protein coding
ENSG00000174963.17,ZIC4,protein coding
ENSG00000144891.17,AGTR1,protein coding
ENSG00000070087.13,PFN2,protein coding
ENSG00000174944.8,P2RY14,protein coding
ENSG00000114790.12,ARHGEF26,protein coding
ENSG00000114850.6,SSR3,protein coding
ENSG00000163660.11,CCNL1,protein coding
ENSG00000168827.14,GFM1,protein coding
ENSG00000151967.18,SCHIP1,protein coding
ENSG00000179674.3,ARL14,protein coding
ENSG00000173890.16,GPR160,protein coding
ENSG00000136603.13,SKIL,protein coding
ENSG00000163584.17,RPL22L1,protein coding
ENSG00000163577.7,EIF5A2,protein coding
ENSG00000121858.10,TNFSF10,protein coding
ENSG00000172667.10,ZMAT3,protein coding
ENSG00000171109.18,MFN1,protein coding
ENSG00000181449.3,SOX2,protein coding
ENSG00000214160.9,ALG3,protein coding
ENSG00000145194.17,ECE2,protein coding
ENSG00000175166.16,PSMD2,protein coding
ENSG00000114867.20,EIF4G1,protein coding
ENSG00000163898.9,LIPH,protein coding
ENSG00000136527.17,TRA2B,protein coding
ENSG00000113916.17,BCL6,protein coding
ENSG00000180611.6,MB21D2,protein coding
ENSG00000127249.14,ATP13A4,protein coding
ENSG00000145014.17,TMEM44,protein coding
ENSG00000072274.12,TFRC,protein coding
ENSG00000163958.13,ZDHHC19,protein coding
ENSG00000145107.15,TM4SF19,protein coding
ENSG00000174004.5,NRROS,protein coding
ENSG00000272602.5,ZNF595,protein coding
ENSG00000250312.6,ZNF718,protein coding
ENSG00000185619.18,PCGF3,protein coding
ENSG00000163950.12,SLBP,protein coding
ENSG00000109685.17,NSD2,protein coding
ENSG00000243449.6,C4orf48,protein coding
ENSG00000214367.7,HAUS3,protein coding
ENSG00000063978.15,RNF4,protein coding
ENSG00000168884.14,TNIP2,protein coding
ENSG00000109736.14,MFSD10,protein coding
ENSG00000072832.14,CRMP1,protein coding
ENSG00000181215.14,C4orf50,protein coding
ENSG00000152969.17,JAKMIP1,protein coding
ENSG00000178988.10,MRFAP1L1,protein coding
ENSG00000173011.11,TADA2B,protein coding
ENSG00000178597.6,PSAPL1,protein coding
ENSG00000196526.10,AFAP1,protein coding
ENSG00000170801.9,HTRA3,protein coding
ENSG00000249104.2,USP17L17,protein coding
ENSG00000249811.2,USP17L21,protein coding
ENSG00000109684.14,CLNK,protein coding
ENSG00000002587.9,HS3ST1,protein coding
ENSG00000002549.12,LAP3,protein coding
ENSG00000109610.5,SOD3,protein coding
ENSG00000053900.10,ANAPC4,protein coding
ENSG00000168214.20,RBPJ,protein coding
ENSG00000163394.5,CCKAR,protein coding
ENSG00000109689.15,STIM2,protein coding
ENSG00000174123.10,TLR10,protein coding
ENSG00000035928.15,RFC1,protein coding
ENSG00000109133.12,TMEM33,protein coding
ENSG00000163293.11,NIPAL1,protein coding
ENSG00000145247.11,OCIAD2,protein coding
ENSG00000128040.10,SPINK2,protein coding
ENSG00000047315.15,POLR2B,protein coding
ENSG00000145242.13,EPHA5,protein coding
ENSG00000196620.9,UGT2B15,protein coding
ENSG00000173610.12,UGT2A1,protein coding
ENSG00000126550.8,HTN1,protein coding
ENSG00000181617.5,FDCSP,protein coding
ENSG00000171195.10,MUC7,protein coding
ENSG00000169435.13,RASSF6,protein coding
ENSG00000163735.6,CXCL5,protein coding
ENSG00000182585.9,EPGN,protein coding
ENSG00000169116.11,PARM1,protein coding
ENSG00000163743.13,RCHY1,protein coding
ENSG00000138768.14,USO1,protein coding
ENSG00000156194.17,PPEF2,protein coding
ENSG00000186212.3,SOWAHB,protein coding
ENSG00000163291.14,PAQR3,protein coding
ENSG00000156269.4,NAA11,protein coding
ENSG00000138675.16,FGF5,protein coding
ENSG00000138668.18,HNRNPD,protein coding
ENSG00000189308.10,LIN54,protein coding
ENSG00000173085.13,COQ2,protein coding
ENSG00000138678.10,GPAT3,protein coding
ENSG00000163633.10,C4orf36,protein coding
ENSG00000170509.11,HSD17B13,protein coding
ENSG00000152592.13,DMP1,protein coding
ENSG00000152595.16,MEPE,protein coding
ENSG00000118762.7,PKD2,protein coding
ENSG00000177432.6,NAP1L5,protein coding
ENSG00000138640.14,FAM13A,protein coding
ENSG00000184305.14,CCSER1,protein coding
ENSG00000109332.19,UBE2D3,protein coding
ENSG00000169836.4,TACR3,protein coding
ENSG00000138777.19,PPA2,protein coding
ENSG00000168743.12,NPNT,protein coding
ENSG00000174599.5,TRAM1L1,protein coding
ENSG00000150961.14,SEC24D,protein coding
ENSG00000138738.10,PRDM5,protein coding
ENSG00000164066.12,INTU,protein coding
ENSG00000164040.16,PGRMC2,protein coding
ENSG00000254535.3,PABPC4L,protein coding
ENSG00000151014.5,NOCT,protein coding
ENSG00000145391.13,SETD7,protein coding
ENSG00000170153.10,RNF150,protein coding
ENSG00000170185.9,USP38,protein coding
ENSG00000250361.7,GYPB,protein coding
ENSG00000164162.12,ANAPC10,protein coding
ENSG00000170390.15,DCLK2,protein coding
ENSG00000109686.17,SH3D19,protein coding
ENSG00000121211.7,MND1,protein coding
ENSG00000197410.12,DCHS2,protein coding
ENSG00000164116.16,GUCY1A3,protein coding
ENSG00000171503.11,ETFDH,protein coding
ENSG00000250374.3,TRIM75P,protein coding
ENSG00000109511.11,ANXA10,protein coding
ENSG00000181381.13,DDX60L,protein coding
ENSG00000164107.8,HAND2,protein coding
ENSG00000164120.13,HPGD,protein coding
ENSG00000150625.16,GPM6A,protein coding
ENSG00000164122.8,ASB5,protein coding
ENSG00000218336.8,TENM3,protein coding
ENSG00000109771.15,LRP2BP,protein coding
ENSG00000109775.10,UFSP2,protein coding
ENSG00000142319.17,SLC6A3,protein coding
ENSG00000145545.11,SRD5A1,protein coding
ENSG00000078295.16,ADCY2,protein coding
ENSG00000150756.13,FAM173B,protein coding
ENSG00000283967.1,RP11-432M8.3,protein coding
ENSG00000154162.14,CDH12,protein coding
ENSG00000164256.10,PRDM9,protein coding
ENSG00000242110.7,AMACR,protein coding
ENSG00000164188.8,RANBP3L,protein coding
ENSG00000079215.13,SLC1A3,protein coding
ENSG00000164327.12,RICTOR,protein coding
ENSG00000113638.13,TTC33,protein coding
ENSG00000112936.18,C7,protein coding
ENSG00000164171.10,ITGA2,protein coding
ENSG00000164509.13,IL31RA,protein coding
ENSG00000164512.17,ANKRD55,protein coding
ENSG00000225940.5,C5orf67,protein coding
ENSG00000169067.3,ACTBL2,protein coding
ENSG00000113448.18,PDE4D,protein coding
ENSG00000086189.9,DIMT1,protein coding
ENSG00000186105.7,LRRC70,protein coding
ENSG00000134061.5,CD180,protein coding
ENSG00000145675.14,PIK3R1,protein coding
ENSG00000134056.11,MRPS36,protein coding
ENSG00000273841.4,TAF9,protein coding
ENSG00000145734.18,BDP1,protein coding
ENSG00000164347.17,GFM2,protein coding
ENSG00000164346.9,NSA2,protein coding
ENSG00000122008.15,POLK,protein coding
ENSG00000145703.15,IQGAP2,protein coding
ENSG00000164252.12,AGGF1,protein coding
ENSG00000132846.5,ZBED3,protein coding
ENSG00000085365.17,SCAMP1,protein coding
ENSG00000153140.8,CETN3,protein coding
ENSG00000176018.12,LYSMD3,protein coding
ENSG00000113369.8,ARRDC3,protein coding
ENSG00000173930.8,SLCO4C1,protein coding
ENSG00000145730.20,PAM,protein coding
ENSG00000145777.14,TSLP,protein coding
ENSG00000129625.12,REEP5,protein coding
ENSG00000243414.5,TICAM2,protein coding
ENSG00000129596.4,CDO1,protein coding
ENSG00000184838.14,PRR16,protein coding
ENSG00000113083.13,LOX,protein coding
ENSG00000164904.17,ALDH7A1,protein coding
ENSG00000230561.4,CCDC192,protein coding
ENSG00000138829.11,FBN2,protein coding
ENSG00000158985.13,CDC42SE2,protein coding
ENSG00000164399.4,IL3,protein coding
ENSG00000197375.12,SLC22A5,protein coding
ENSG00000181904.8,C5orf24,protein coding
ENSG00000255833.1,TIFAB,protein coding
ENSG00000031003.10,FAM13B,protein coding
ENSG00000120725.12,SIL1,protein coding
ENSG00000176087.14,SLC35A4,protein coding
ENSG00000131495.8,NDUFA2,protein coding
ENSG00000204969.6,PCDHA2,protein coding
ENSG00000178913.7,TAF7,protein coding
ENSG00000262576.2,PCDHGA4,protein coding
ENSG00000253159.2,PCDHGA12,protein coding
ENSG00000156453.13,PCDH1,protein coding
ENSG00000131507.10,NDFIP1,protein coding
ENSG00000156463.17,SH3RF2,protein coding
ENSG00000173250.2,GPR151,protein coding
ENSG00000169252.5,ADRB2,protein coding
ENSG00000145882.10,PCYOX1L,protein coding
ENSG00000070814.17,TCOF1,protein coding
ENSG00000113140.10,SPARC,protein coding
ENSG00000145907.14,G3BP1,protein coding
ENSG00000055147.18,FAM114A2,protein coding
ENSG00000037749.11,MFAP3,protein coding
ENSG00000170624.13,SGCD,protein coding
ENSG00000113263.12,ITK,protein coding
ENSG00000113643.8,RARS,protein coding
ENSG00000094755.16,GABRP,protein coding
ENSG00000174705.12,SH3PXD2B,protein coding
ENSG00000145919.10,BOD1,protein coding
ENSG00000113194.12,FAF2,protein coding
ENSG00000169230.9,PRELID1,protein coding
ENSG00000146067.15,FAM193B,protein coding
ENSG00000197451.11,HNRNPAB,protein coding
ENSG00000176783.14,RUFY1,protein coding
ENSG00000161021.11,MAML1,protein coding
ENSG00000161013.16,MGAT4B,protein coding
ENSG00000161011.19,SQSTM1,protein coding
ENSG00000050748.17,MAPK9,protein coding
ENSG00000131459.12,GFPT2,protein coding
ENSG00000165810.16,BTNL9,protein coding
ENSG00000183718.5,TRIM52,protein coding
ENSG00000137265.14,IRF4,protein coding
ENSG00000112685.13,EXOC2,protein coding
ENSG00000164379.6,FOXQ1,protein coding
ENSG00000112699.10,GMDS,protein coding
ENSG00000145949.9,MYLK4,protein coding
ENSG00000180822.11,PSMG4,protein coding
ENSG00000185689.15,C6orf201,protein coding
ENSG00000124787.13,RPP40,protein coding
ENSG00000124784.8,RIOK1,protein coding
ENSG00000137210.13,TMEM14B,protein coding
ENSG00000244476.2,ERVFRD-1,protein coding
ENSG00000145990.10,GFOD1,protein coding
ENSG00000137414.5,FAM8A1,protein coding
ENSG00000137364.4,TPMT,protein coding
ENSG00000112293.14,GPLD1,protein coding
ENSG00000112294.12,ALDH5A1,protein coding
ENSG00000111913.17,FAM65B,protein coding
ENSG00000079689.13,SCGN,protein coding
ENSG00000146047.6,HIST1H2BA,protein coding
ENSG00000278272.1,HIST1H3C,protein coding
ENSG00000197061.4,HIST1H4C,protein coding
ENSG00000124613.8,ZNF391,protein coding
ENSG00000278828.1,HIST1H3H,protein coding
ENSG00000198315.10,ZKSCAN8,protein coding
ENSG00000204703.5,OR2B3,protein coding
ENSG00000204681.10,GABBR1,protein coding
ENSG00000204644.9,ZFP57,protein coding
ENSG00000204618.8,RNF39,protein coding
ENSG00000204592.8,HLA-E,protein coding
ENSG00000137337.14,MDC1,protein coding
ENSG00000204520.12,MICA,protein coding
ENSG00000232810.3,TNF,protein coding
ENSG00000204427.11,ABHD16A,protein coding
ENSG00000244355.7,LY6G6D,protein coding
ENSG00000228727.8,SAPCD1,protein coding
ENSG00000166278.14,C2,protein coding
ENSG00000243649.8,CFB,protein coding
ENSG00000204296.11,C6orf10,protein coding
ENSG00000237541.3,HLA-DQA2,protein coding
ENSG00000204264.8,PSMB8,protein coding
ENSG00000112511.17,PHF1,protein coding
ENSG00000197283.14,SYNGAP1,protein coding
ENSG00000137309.19,HMGA1,protein coding
ENSG00000186577.12,C6orf1,protein coding
ENSG00000124614.13,RPS10,protein coding
ENSG00000065060.16,UHRF1BP1,protein coding
ENSG00000023892.10,DEF6,protein coding
ENSG00000156711.16,MAPK13,protein coding
ENSG00000179165.10,PXT1,protein coding
ENSG00000112081.16,SRSF3,protein coding
ENSG00000146192.14,FGD2,protein coding
ENSG00000156564.8,LRFN2,protein coding
ENSG00000112559.13,MDFI,protein coding
ENSG00000096088.16,PGC,protein coding
ENSG00000137413.15,TAF8,protein coding
ENSG00000221821.3,C6orf226,protein coding
ENSG00000124733.3,MEA1,protein coding
ENSG00000124541.6,RRP36,protein coding
ENSG00000112655.15,PTK7,protein coding
ENSG00000204052.4,LRRC73,protein coding
ENSG00000137207.11,YIPF3,protein coding
ENSG00000112759.16,SLC29A1,protein coding
ENSG00000180113.15,TDRD6,protein coding
ENSG00000230062.5,ANKRD66,protein coding
ENSG00000203972.9,GLYATL3,protein coding
ENSG00000112077.15,RHAG,protein coding
ENSG00000214642.1,DEFB113,protein coding
ENSG00000170915.8,PAQR8,protein coding
ENSG00000012660.13,ELOVL5,protein coding
ENSG00000112208.11,BAG2,protein coding
ENSG00000146143.17,PRIM2,protein coding
ENSG00000256980.4,KHDC1L,protein coding
ENSG00000080007.7,DDX43,protein coding
ENSG00000269964.2,MEI4,protein coding
ENSG00000013392.7,RWDD2A,protein coding
ENSG00000146250.6,PRSS35,protein coding
ENSG00000135317.12,SNX14,protein coding
ENSG00000164414.17,SLC35A1,protein coding
ENSG00000135341.17,MAP3K7,protein coding
ENSG00000123552.17,USP45,protein coding
ENSG00000112238.11,PRDM13,protein coding
ENSG00000187772.7,LIN28B,protein coding
ENSG00000272398.5,CD24,protein coding
ENSG00000203778.7,FAM229B,protein coding
ENSG00000178425.13,NT5DC1,protein coding
ENSG00000203760.8,CENPW,protein coding
ENSG00000196569.11,LAMA2,protein coding
ENSG00000118520.14,ARG1,protein coding
ENSG00000146399.1,TAAR1,protein coding
ENSG00000135541.20,AHI1,protein coding
ENSG00000203734.11,ECT2L,protein coding
ENSG00000135577.4,NMBR,protein coding
ENSG00000010818.9,HIVEP2,protein coding
ENSG00000146414.15,SHPRH,protein coding
ENSG00000111961.17,SASH1,protein coding
ENSG00000131023.12,LATS1,protein coding
ENSG00000111981.4,ULBP1,protein coding
ENSG00000131016.16,AKAP12,protein coding
ENSG00000131018.22,SYNE1,protein coding
ENSG00000112038.17,OPRM1,protein coding
ENSG00000029639.10,TFB1M,protein coding
ENSG00000112096.16,SOD2,protein coding
ENSG00000146477.5,SLC22A3,protein coding
ENSG00000112539.14,C6orf118,protein coding
ENSG00000188191.14,PRKAR1B,protein coding
ENSG00000164855.15,TMEM184A,protein coding
ENSG00000106268.15,NUDT1,protein coding
ENSG00000106266.10,SNX8,protein coding
ENSG00000136213.9,CHST12,protein coding
ENSG00000146535.13,GNA12,protein coding
ENSG00000236609.3,ZNF853,protein coding
ENSG00000106443.15,PHF14,protein coding
ENSG00000106460.18,TMEM106B,protein coding
ENSG00000226690.7,AC005281.1,protein coding
ENSG00000122691.12,TWIST1,protein coding
ENSG00000004846.16,ABCB5,protein coding
ENSG00000172115.8,CYCS,protein coding
ENSG00000122592.7,HOXA7,protein coding
ENSG00000106355.9,LSM5,protein coding
ENSG00000122642.10,FKBP9,protein coding
ENSG00000173852.14,DPY19L1,protein coding
ENSG00000011426.10,ANLN,protein coding
ENSG00000122678.16,POLM,protein coding
ENSG00000106624.10,AEBP1,protein coding
ENSG00000015676.17,NUDCD3,protein coding
ENSG00000283247.1,RP11-638I8.1,protein coding
ENSG00000146674.14,IGFBP3,protein coding
ENSG00000158683.7,PKD1L1,protein coding
ENSG00000042813.7,ZPBP,protein coding
ENSG00000132437.17,DDC,protein coding
ENSG00000106078.17,COBL,protein coding
ENSG00000132432.13,SEC61G,protein coding
ENSG00000185290.3,NUPR2,protein coding
ENSG00000234444.9,ZNF736,protein coding
ENSG00000198039.11,ZNF273,protein coding
ENSG00000241258.6,CRCP,protein coding
ENSG00000243335.9,KCTD7,protein coding
ENSG00000146755.10,TRIM50,protein coding
ENSG00000176410.7,DNAJC30,protein coding
ENSG00000274523.4,RCC1L,protein coding
ENSG00000174428.16,GTF2IRD2B,protein coding
ENSG00000178809.11,TRIM73,protein coding
ENSG00000177679.15,SRRM3,protein coding
ENSG00000185040.13,SPDYE16,protein coding
ENSG00000127951.6,FGL2,protein coding
ENSG00000153956.15,CACNA2D1,protein coding
ENSG00000127954.12,STEAP4,protein coding
ENSG00000182348.6,ZNF804B,protein coding
ENSG00000157240.3,FZD1,protein coding
ENSG00000127914.16,AKAP9,protein coding
ENSG00000240720.7,LRRD1,protein coding
ENSG00000234545.7,FAM133B,protein coding
ENSG00000205413.7,SAMD9,protein coding
ENSG00000004766.15,VPS50,protein coding
ENSG00000205356.9,TECPR1,protein coding
ENSG00000006453.13,BAIAP2L1,protein coding
ENSG00000106236.3,NPTX2,protein coding
ENSG00000166448.14,TMEM130,protein coding
ENSG00000196652.11,ZKSCAN5,protein coding
ENSG00000221909.2,FAM200A,protein coding
ENSG00000160870.12,CYP3A7,protein coding
ENSG00000168090.9,COPS6,protein coding
ENSG00000166508.17,MCM7,protein coding
ENSG00000146826.16,C7orf43,protein coding
ENSG00000197093.10,GAL3ST4,protein coding
ENSG00000213413.2,PVRIG,protein coding
ENSG00000214300.7,SPDYE3,protein coding
ENSG00000128564.6,VGF,protein coding
ENSG00000128563.13,PRKRIP1,protein coding
ENSG00000135249.7,RINT1,protein coding
ENSG00000105851.10,PIK3CG,protein coding
ENSG00000164597.13,COG5,protein coding
ENSG00000105865.10,DUS4L,protein coding
ENSG00000184903.9,IMMP2L,protein coding
ENSG00000105989.8,WNT2,protein coding
ENSG00000106013.14,ANKRD7,protein coding
ENSG00000106034.17,CPED1,protein coding
ENSG00000275356.3,C7orf77,protein coding
ENSG00000128617.2,OPN1SW,protein coding
ENSG00000158457.5,TSPAN33,protein coding
ENSG00000128578.9,STRIP2,protein coding
ENSG00000128607.13,KLHDC10,protein coding
ENSG00000155530.2,LRGUK,protein coding
ENSG00000205060.10,SLC35B4,protein coding
ENSG00000146857.3,STRA8,protein coding
ENSG00000146963.17,LUC7L2,protein coding
ENSG00000188883.4,KLRG2,protein coding
ENSG00000146955.10,RAB19,protein coding
ENSG00000133597.10,ADCK2,protein coding
ENSG00000159840.15,ZYX,protein coding
ENSG00000271079.1,CTAGE15,protein coding
ENSG00000221910.2,OR2F2,protein coding
ENSG00000170265.11,ZNF282,protein coding
ENSG00000204946.9,ZNF783,protein coding
ENSG00000196453.7,ZNF777,protein coding
ENSG00000278685.4,IQCA1L,protein coding
ENSG00000106648.13,GALNTL5,protein coding
ENSG00000157212.18,PAXIP1,protein coding
ENSG00000164778.4,EN2,protein coding
ENSG00000198010.12,DLGAP2,protein coding
ENSG00000183117.18,CSMD1,protein coding
ENSG00000186599.7,DEFB105B,protein coding
ENSG00000186562.7,DEFB105A,protein coding
ENSG00000215356.4,ZNF705B,protein coding
ENSG00000225327.3,USP17L3,protein coding
ENSG00000171044.10,XKR6,protein coding
ENSG00000250305.8,KIAA1456,protein coding
ENSG00000104611.11,SH2D4A,protein coding
ENSG00000158856.17,DMTN,protein coding
ENSG00000168487.17,BMP1,protein coding
ENSG00000120913.23,PDLIM2,protein coding
ENSG00000173530.5,TNFRSF10D,protein coding
ENSG00000104765.15,BNIP3L,protein coding
ENSG00000015592.16,STMN4,protein coding
ENSG00000120899.17,PTK2B,protein coding
ENSG00000120915.13,EPHX2,protein coding
ENSG00000171320.14,ESCO2,protein coding
ENSG00000168079.16,SCARA5,protein coding
ENSG00000134014.16,ELP3,protein coding
ENSG00000214050.7,FBXO16,protein coding
ENSG00000104695.12,PPP2CB,protein coding
ENSG00000172733.11,PURG,protein coding
ENSG00000156735.10,BAG4,protein coding
ENSG00000169490.16,TM2D2,protein coding
ENSG00000197140.14,ADAM32,protein coding
ENSG00000131931.8,THAP1,protein coding
ENSG00000147488.11,ST18,protein coding
ENSG00000023287.12,RB1CC1,protein coding
ENSG00000169122.11,FAM110B,protein coding
ENSG00000147576.15,ADHFE1,protein coding
ENSG00000046889.18,PREX2,protein coding
ENSG00000147592.8,LACTB2,protein coding
ENSG00000164764.10,SBSPON,protein coding
ENSG00000104343.19,UBE2W,protein coding
ENSG00000175606.10,TMEM70,protein coding
ENSG00000104325.6,DECR1,protein coding
ENSG00000104327.7,CALB1,protein coding
ENSG00000164951.15,PDP1,protein coding
ENSG00000079112.9,CDH17,protein coding
ENSG00000177459.10,ERICH5,protein coding
ENSG00000034677.12,RNF19A,protein coding
ENSG00000048392.11,RRM2B,protein coding
ENSG00000164932.12,CTHRC1,protein coding
ENSG00000147650.11,LRP12,protein coding
ENSG00000164841.4,TMEM74,protein coding
ENSG00000205002.3,AARD,protein coding
ENSG00000182197.10,EXT1,protein coding
ENSG00000147676.13,MAL2,protein coding
ENSG00000187955.11,COL14A1,protein coding
ENSG00000189376.11,C8orf76,protein coding
ENSG00000214814.7,FER1L6,protein coding
ENSG00000164983.7,TMEM65,protein coding
ENSG00000183665.5,TRMT12,protein coding
ENSG00000153310.19,FAM49B,protein coding
ENSG00000165071.14,TMEM71,protein coding
ENSG00000129292.20,PHF20L1,protein coding
ENSG00000169436.16,COL22A1,protein coding
ENSG00000184489.11,PTP4A3,protein coding
ENSG00000130193.7,THEM6,protein coding
ENSG00000104499.6,GML,protein coding
ENSG00000250571.6,GLI4,protein coding
ENSG00000104518.10,GSDMD,protein coding
ENSG00000160949.16,TONSL,protein coding
ENSG00000147799.11,ARHGAP39,protein coding
ENSG00000161016.17,RPL8,protein coding
ENSG00000183784.6,C9orf66,protein coding
ENSG00000137090.11,DMRT1,protein coding
ENSG00000106686.16,SPATA6L,protein coding
ENSG00000096968.13,JAK2,protein coding
ENSG00000099219.13,ERMP1,protein coding
ENSG00000178445.9,GLDC,protein coding
ENSG00000147862.15,NFIB,protein coding
ENSG00000175893.11,ZDHHC21,protein coding
ENSG00000147885.4,IFNA16,protein coding
ENSG00000228083.2,IFNA14,protein coding
ENSG00000235453.8,TOPORS-AS1,protein coding
ENSG00000165264.10,NDUFB6,protein coding
ENSG00000122692.8,SMU1,protein coding
ENSG00000107341.4,UBE2R2,protein coding
ENSG00000187186.14,RP11-195F19.5,protein coding
ENSG00000165282.13,PIGO,protein coding
ENSG00000185775.9,SPATA31A6,protein coding
ENSG00000260691.5,ANKRD20A1,protein coding
ENSG00000196873.15,CBWD3,protein coding
ENSG00000107242.17,PIP5K1B,protein coding
ENSG00000165059.7,PRKACG,protein coding
ENSG00000107362.13,ABHD17B,protein coding
ENSG00000119121.21,TRPM6,protein coding
ENSG00000099139.13,PCSK5,protein coding
ENSG00000204612.1,FOXB2,protein coding
ENSG00000148019.12,CEP78,protein coding
ENSG00000196781.14,TLE1,protein coding
ENSG00000172159.15,FRMD3,protein coding
ENSG00000135018.13,UBQLN1,protein coding
ENSG00000148053.15,NTRK2,protein coding
ENSG00000130045.15,NXNL2,protein coding
ENSG00000127083.7,OMD,protein coding
ENSG00000197724.10,PHF2,protein coding
ENSG00000158169.12,FANCC,protein coding
ENSG00000188152.12,NUTM2G,protein coding
ENSG00000136929.12,HEMGN,protein coding
ENSG00000165138.17,ANKS6,protein coding
ENSG00000136872.17,ALDOB,protein coding
ENSG00000148136.5,OR13C4,protein coding
ENSG00000277556.1,OR13C5,protein coding
ENSG00000165028.11,NIPSNAP3B,protein coding
ENSG00000187003.6,ACTL7A,protein coding
ENSG00000260230.2,FRRS1L,protein coding
ENSG00000243444.7,PALM2,protein coding
ENSG00000030304.13,MUSK,protein coding
ENSG00000173258.12,ZNF483,protein coding
ENSG00000165181.16,C9orf84,protein coding
ENSG00000119321.8,FKBP15,protein coding
ENSG00000136868.10,SLC31A1,protein coding
ENSG00000157657.14,ZNF618,protein coding
ENSG00000136883.13,KIF12,protein coding
ENSG00000175764.14,TTLL11,protein coding
ENSG00000148204.11,CRB2,protein coding
ENSG00000119522.16,DENND1A,protein coding
ENSG00000136935.13,GOLGA1,protein coding
ENSG00000167081.16,PBX3,protein coding
ENSG00000136840.18,ST6GALNAC4,protein coding
ENSG00000106976.20,DNM1,protein coding
ENSG00000197694.15,SPTAN1,protein coding
ENSG00000119383.19,PTPA,protein coding
ENSG00000136816.15,TOR1B,protein coding
ENSG00000126883.16,NUP214,protein coding
ENSG00000165695.9,AK8,protein coding
ENSG00000171102.14,OBP2B,protein coding
ENSG00000160326.13,SLC2A6,protein coding
ENSG00000160345.12,C9orf116,protein coding
ENSG00000122133.16,PAEP,protein coding
ENSG00000238227.7,C9orf69,protein coding
ENSG00000165661.16,QSOX2,protein coding
ENSG00000260220.6,CCDC187,protein coding
ENSG00000213213.13,CCDC183,protein coding
ENSG00000107223.12,EDF1,protein coding
ENSG00000127191.17,TRAF2,protein coding
ENSG00000184925.11,LCN12,protein coding
ENSG00000186193.8,SAPCD2,protein coding
ENSG00000177239.14,MAN1B1,protein coding
ENSG00000185863.7,TMEM210,protein coding
ENSG00000176248.8,ANAPC2,protein coding
ENSG00000188566.13,NDOR1,protein coding
ENSG00000212864.3,RNF208,protein coding
ENSG00000188833.9,ENTPD8,protein coding
ENSG00000130653.15,PNPLA7,protein coding
ENSG00000178363.4,CALML3,protein coding
ENSG00000134453.15,RBM17,protein coding
ENSG00000065675.14,PRKCQ,protein coding
ENSG00000152465.17,NMT2,protein coding
ENSG00000148483.8,TMEM236,protein coding
ENSG00000120594.16,PLXDC2,protein coding
ENSG00000078114.18,NEBL,protein coding
ENSG00000148444.15,COMMD3,protein coding
ENSG00000136750.11,GAD2,protein coding
ENSG00000136754.16,ABI1,protein coding
ENSG00000095787.21,WAC,protein coding
ENSG00000148513.17,ANKRD30A,protein coding
ENSG00000256892.2,MTRNR2L7,protein coding
ENSG00000187783.11,TMEM72,protein coding
ENSG00000165512.4,ZNF22,protein coding
ENSG00000172671.19,ZFAND4,protein coding
ENSG00000266412.5,NCOA4,protein coding
ENSG00000274209.4,ANTXRL,protein coding
ENSG00000264230.7,ANXA8L1,protein coding
ENSG00000204174.7,NPY4R,protein coding
ENSG00000165383.11,LRRC18,protein coding
ENSG00000165633.12,VSTM4,protein coding
ENSG00000165606.8,DRGX,protein coding
ENSG00000198964.13,SGMS1,protein coding
ENSG00000183346.6,C10orf107,protein coding
ENSG00000060339.13,CCAR1,protein coding
ENSG00000075073.14,TACR2,protein coding
ENSG00000166220.12,TBATA,protein coding
ENSG00000107745.17,MICU1,protein coding
ENSG00000122882.10,ECD,protein coding
ENSG00000107758.15,PPP3CB,protein coding
ENSG00000108175.16,ZMIZ1,protein coding
ENSG00000165424.6,ZCCHC24,protein coding
ENSG00000170788.13,DYDC1,protein coding
ENSG00000148602.5,LRIT1,protein coding
ENSG00000173269.13,MMRN2,protein coding
ENSG00000148671.13,ADIRF,protein coding
ENSG00000107789.15,MINPP1,protein coding
ENSG00000171862.10,PTEN,protein coding
ENSG00000204022.9,LIPJ,protein coding
ENSG00000148677.6,ANKRD1,protein coding
ENSG00000108239.8,TBC1D12,protein coding
ENSG00000197430.10,OPALIN,protein coding
ENSG00000203942.4,C10orf62,protein coding
ENSG00000095713.13,CRTAC1,protein coding
ENSG00000107829.13,FBXW4,protein coding
ENSG00000120049.18,KCNIP2,protein coding
ENSG00000166197.16,NOLC1,protein coding
ENSG00000059915.16,PSD,protein coding
ENSG00000214435.7,AS3MT,protein coding
ENSG00000148842.17,CNNM2,protein coding
ENSG00000148798.10,INA,protein coding
ENSG00000148834.12,GSTO1,protein coding
ENSG00000108018.15,SORCS1,protein coding
ENSG00000119953.12,SMNDC1,protein coding
ENSG00000214413.7,BBIP1,protein coding
ENSG00000119927.13,GPAM,protein coding
ENSG00000151553.14,FAM160B1,protein coding
ENSG00000107518.16,ATRNL1,protein coding
ENSG00000148704.12,VAX1,protein coding
ENSG00000165650.11,PDZD8,protein coding
ENSG00000107560.10,RAB11FIP2,protein coding
ENSG00000107669.17,ATE1,protein coding
ENSG00000107672.14,NSMCE4A,protein coding
ENSG00000187908.16,DMBT1,protein coding
ENSG00000107902.13,LHPP,protein coding
ENSG00000175470.18,PPP2R2D,protein coding
ENSG00000148826.8,NKX6-2,protein coding
ENSG00000148803.11,FUOM,protein coding
ENSG00000023191.16,RNH1,protein coding
ENSG00000185522.8,LMNTD2,protein coding
ENSG00000177106.14,EPS8L2,protein coding
ENSG00000177042.14,TMEM80,protein coding
ENSG00000177595.17,PIDD1,protein coding
ENSG00000177830.17,CHID1,protein coding
ENSG00000064201.15,TSPAN32,protein coding
ENSG00000205531.12,NAP1L4,protein coding
ENSG00000284546.1,SSU72P3,protein coding
ENSG00000284438.1,SSU72P7,protein coding
ENSG00000196778.2,OR52K1,protein coding
ENSG00000223609.7,HBD,protein coding
ENSG00000213934.6,HBG1,protein coding
ENSG00000181609.5,OR52D1,protein coding
ENSG00000175518.6,UBQLNL,protein coding
ENSG00000258659.6,TRIM34,protein coding
ENSG00000181074.3,OR52N4,protein coding
ENSG00000184478.6,OR56A3,protein coding
ENSG00000183389.4,OR56A4,protein coding
ENSG00000170790.4,OR10A2,protein coding
ENSG00000166387.11,PPFIBP2,protein coding
ENSG00000166405.14,RIC3,protein coding
ENSG00000166444.18,ST5,protein coding
ENSG00000110315.6,RNF141,protein coding
ENSG00000133800.8,LYVE1,protein coding
ENSG00000050165.17,DKK3,protein coding
ENSG00000188162.10,OTOG,protein coding
ENSG00000185238.12,PRMT3,protein coding
ENSG00000171714.10,ANO5,protein coding
ENSG00000109881.16,CCDC34,protein coding
ENSG00000182255.6,KCNA4,protein coding
ENSG00000170946.14,DNAJC24,protein coding
ENSG00000184937.13,WT1,protein coding
ENSG00000085063.14,CD59,protein coding
ENSG00000121691.4,CAT,protein coding
ENSG00000135373.12,EHF,protein coding
ENSG00000166181.12,API5,protein coding
ENSG00000110455.13,ACCS,protein coding
ENSG00000019505.7,SYT13,protein coding
ENSG00000181830.8,SLC35C1,protein coding
ENSG00000180423.4,HARBI1,protein coding
ENSG00000180210.14,F2,protein coding
ENSG00000175216.14,CKAP5,protein coding
ENSG00000149187.17,CELF1,protein coding
ENSG00000213619.9,NDUFS3,protein coding
ENSG00000237388.2,OR4A47,protein coding
ENSG00000185926.1,OR4C46,protein coding
ENSG00000181961.3,OR4A16,protein coding
ENSG00000187612.1,OR5W2,protein coding
ENSG00000181693.7,OR8H1,protein coding
ENSG00000172487.3,OR8J1,protein coding
ENSG00000172457.5,OR9G4,protein coding
ENSG00000186907.7,RTN4RL2,protein coding
ENSG00000186509.4,OR9Q1,protein coding
ENSG00000180475.4,OR10Q1,protein coding
ENSG00000110031.12,LPXN,protein coding
ENSG00000242689.2,CNTF,protein coding
ENSG00000172742.4,OR4D9,protein coding
ENSG00000166900.15,STX3,protein coding
ENSG00000110077.14,MS4A6A,protein coding
ENSG00000110107.8,PRPF19,protein coding
ENSG00000149532.15,CPSF7,protein coding
ENSG00000167985.6,SDHAF2,protein coding
ENSG00000124920.13,MYRF,protein coding
ENSG00000134825.15,TMEM258,protein coding
ENSG00000124939.5,SCGB2A1,protein coding
ENSG00000124942.13,AHNAK,protein coding
ENSG00000278615.4,C11orf98,protein coding
ENSG00000177363.4,LRRN4CL,protein coding
ENSG00000162227.7,TAF6L,protein coding
ENSG00000168003.16,SLC3A2,protein coding
ENSG00000176340.3,COX8A,protein coding
ENSG00000173113.6,TRMT112,protein coding
ENSG00000187066.8,TMEM262,protein coding
ENSG00000149809.14,TM7SF2,protein coding
ENSG00000173825.6,TIGD3,protein coding
ENSG00000197136.4,PCNX3,protein coding
ENSG00000175334.7,BANF1,protein coding
ENSG00000174996.11,KLC2,protein coding
ENSG00000174483.19,BBS1,protein coding
ENSG00000173715.15,C11orf80,protein coding
ENSG00000172613.7,RAD9A,protein coding
ENSG00000175505.10,CLCF1,protein coding
ENSG00000175463.11,TBC1D10C,protein coding
ENSG00000110697.12,PITPNM1,protein coding
ENSG00000132744.7,ACY3,protein coding
ENSG00000162105.17,SHANK2,protein coding
ENSG00000254997.3,KRTAP5-9,protein coding
ENSG00000225805.4,CTD-2313N18.7,protein coding
ENSG00000137497.17,NUMA1,protein coding
ENSG00000171631.14,P2RY6,protein coding
ENSG00000181924.6,COA4,protein coding
ENSG00000149257.13,SERPINH1,protein coding
ENSG00000198382.8,UVRAG,protein coding
ENSG00000085741.12,WNT11,protein coding
ENSG00000137492.7,THAP12,protein coding
ENSG00000254550.1,OMP,protein coding
ENSG00000151365.2,THRSP,protein coding
ENSG00000159063.12,ALG8,protein coding
ENSG00000137509.10,PRCP,protein coding
ENSG00000179071.4,CCDC89,protein coding
ENSG00000183560.9,IZUMO1R,protein coding
ENSG00000077458.12,FAM76B,protein coding
ENSG00000149972.10,CNTN5,protein coding
ENSG00000023445.13,BIRC3,protein coding
ENSG00000118113.11,MMP8,protein coding
ENSG00000137745.11,MMP13,protein coding
ENSG00000170967.4,DDI1,protein coding
ENSG00000149289.10,ZC3H12C,protein coding
ENSG00000150782.11,IL18,protein coding
ENSG00000150787.7,PTS,protein coding
ENSG00000149294.16,NCAM1,protein coding
ENSG00000170209.4,ANKK1,protein coding
ENSG00000076053.10,RBM7,protein coding
ENSG00000172269.18,DPAGT1,protein coding
ENSG00000076706.16,MCAM,protein coding
ENSG00000181499.2,OR6T1,protein coding
ENSG00000196248.4,OR10S1,protein coding
ENSG00000234560.3,OR10G8,protein coding
ENSG00000280090.2,OR8B4,protein coding
ENSG00000154143.2,PANX3,protein coding
ENSG00000150433.9,TMEM218,protein coding
ENSG00000149547.14,EI24,protein coding
ENSG00000149554.12,CHEK1,protein coding
ENSG00000237353.6,PATE4,protein coding
ENSG00000150455.13,TIRAP,protein coding
ENSG00000110063.8,DCPS,protein coding
ENSG00000166106.3,ADAMTS15,protein coding
ENSG00000120451.10,SNX19,protein coding
ENSG00000182667.14,NTM,protein coding
ENSG00000080854.14,IGSF9B,protein coding
ENSG00000166086.12,JAM3,protein coding
ENSG00000111181.12,SLC6A12,protein coding
ENSG00000004478.7,FKBP4,protein coding
ENSG00000078246.16,TULP3,protein coding
ENSG00000110799.13,VWF,protein coding
ENSG00000067182.7,TNFRSF1A,protein coding
ENSG00000010626.14,LRRC23,protein coding
ENSG00000198178.10,CLEC4C,protein coding
ENSG00000111704.10,NANOG,protein coding
ENSG00000171847.10,FAM90A1,protein coding
ENSG00000175899.14,A2M,protein coding
ENSG00000172322.13,CLEC12A,protein coding
ENSG00000121314.2,TAS2R8,protein coding
ENSG00000111215.11,PRR4,protein coding
ENSG00000134551.12,PRH2,protein coding
ENSG00000186136.1,TAS2R42,protein coding
ENSG00000251655.6,PRB1,protein coding
ENSG00000151490.13,PTPRO,protein coding
ENSG00000134538.2,SLCO1B1,protein coding
ENSG00000139163.15,ETNK1,protein coding
ENSG00000152944.8,MED21,protein coding
ENSG00000110841.13,PPFIBP1,protein coding
ENSG00000064763.10,FAR2,protein coding
ENSG00000174718.11,KIAA1551,protein coding
ENSG00000173208.3,ABCD2,protein coding
ENSG00000139219.17,COL2A1,protein coding
ENSG00000079387.13,SENP1,protein coding
ENSG00000177981.10,ASB8,protein coding
ENSG00000129315.10,CCNT1,protein coding
ENSG00000172602.9,RND1,protein coding
ENSG00000167552.13,TUBA1A,protein coding
ENSG00000187778.13,MCRS1,protein coding
ENSG00000161800.12,RACGAP1,protein coding
ENSG00000178449.8,COX14,protein coding
ENSG00000123358.19,NR4A1,protein coding
ENSG00000197757.7,HOXC6,protein coding
ENSG00000135486.17,HNRNPA1,protein coding
ENSG00000170627.10,GTSF1,protein coding
ENSG00000123338.12,NCKAP1L,protein coding
ENSG00000123307.3,NEUROD4,protein coding
ENSG00000179626.3,OR6C4,protein coding
ENSG00000123374.10,CDK2,protein coding
ENSG00000170426.1,SDR9C7,protein coding
ENSG00000182379.9,NXPH4,protein coding
ENSG00000135502.17,SLC26A10,protein coding
ENSG00000135677.10,GNS,protein coding
ENSG00000111537.4,IFNG,protein coding
ENSG00000133858.15,ZFC3H1,protein coding
ENSG00000139287.12,TPH2,protein coding
ENSG00000180481.10,GLIPR1L2,protein coding
ENSG00000187109.13,NAP1L1,protein coding
ENSG00000058272.16,PPP1R12A,protein coding
ENSG00000127720.7,METTL25,protein coding
ENSG00000179104.8,TMTC2,protein coding
ENSG00000072041.16,SLC6A15,protein coding
ENSG00000139330.5,KERA,protein coding
ENSG00000011465.16,DCN,protein coding
ENSG00000184752.12,NDUFA12,protein coding
ENSG00000136014.11,USP44,protein coding
ENSG00000139344.7,AMDHD1,protein coding
ENSG00000084110.10,HAL,protein coding
ENSG00000111144.9,LTA4H,protein coding
ENSG00000166130.14,IKBIP,protein coding
ENSG00000179520.10,SLC17A8,protein coding
ENSG00000151131.10,C12orf45,protein coding
ENSG00000235162.8,C12orf75,protein coding
ENSG00000174600.13,CMKLR1,protein coding
ENSG00000076555.15,ACACB,protein coding
ENSG00000111229.15,ARPC3,protein coding
ENSG00000151164.18,RAD9B,protein coding
ENSG00000173064.12,HECTD4,protein coding
ENSG00000135111.15,TBX3,protein coding
ENSG00000088992.17,TESC,protein coding
ENSG00000171435.13,KSR2,protein coding
ENSG00000176834.13,VSIG10,protein coding
ENSG00000152137.6,HSPB8,protein coding
ENSG00000111775.2,COX6A1,protein coding
ENSG00000111786.8,SRSF9,protein coding
ENSG00000157782.9,CABP1,protein coding
ENSG00000089094.18,KDM2B,protein coding
ENSG00000276045.2,ORAI1,protein coding
ENSG00000139725.7,RHOF,protein coding
ENSG00000158023.9,WDR66,protein coding
ENSG00000111011.17,RSRC2,protein coding
ENSG00000139722.6,VPS37B,protein coding
ENSG00000184209.14,SNRNP35,protein coding
ENSG00000179195.15,ZNF664,protein coding
ENSG00000255595.2,RP4-809F18.1,protein coding
ENSG00000125207.7,PIWIL1,protein coding
ENSG00000198598.6,MMP17,protein coding
ENSG00000177169.9,ULK1,protein coding
ENSG00000198393.7,ZNF26,protein coding
ENSG00000132953.16,XPO4,protein coding
ENSG00000180776.15,ZDHHC20,protein coding
ENSG00000139505.11,MTMR6,protein coding
ENSG00000132964.11,CDK8,protein coding
ENSG00000139515.5,PDX1,protein coding
ENSG00000139508.14,SLC46A3,protein coding
ENSG00000132938.19,MTUS2,protein coding
ENSG00000187676.7,B3GLCT,protein coding
ENSG00000139597.17,N4BP2L1,protein coding
ENSG00000133083.14,DCLK1,protein coding
ENSG00000102780.16,DGKH,protein coding
ENSG00000151773.12,CCDC122,protein coding
ENSG00000136152.14,COG3,protein coding
ENSG00000173988.12,LRRC63,protein coding
ENSG00000281106.2,LINC00282,protein coding
ENSG00000197168.11,NEK5,protein coding
ENSG00000083544.13,TDRD3,protein coding
ENSG00000280165.1,PCDH20,protein coding
ENSG00000083535.15,PIBF1,protein coding
ENSG00000178734.5,LMO7DN,protein coding
ENSG00000102471.13,NDFIP2,protein coding
ENSG00000184564.8,SLITRK6,protein coding
ENSG00000088451.10,TGDS,protein coding
ENSG00000125249.6,RAP2A,protein coding
ENSG00000102572.14,STK24,protein coding
ENSG00000134901.12,KDELC1,protein coding
ENSG00000213995.11,NAXD,protein coding
ENSG00000102606.17,ARHGEF7,protein coding
ENSG00000188655.10,RNASE9,protein coding
ENSG00000258436.1,RNASE12,protein coding
ENSG00000181562.4,EDDM3A,protein coding
ENSG00000165794.9,SLC39A2,protein coding
ENSG00000169327.4,OR5AU1,protein coding
ENSG00000165821.11,SALL2,protein coding
ENSG00000255804.1,OR6J1,protein coding
ENSG00000215277.8,RNF212B,protein coding
ENSG00000258643.5,BCL2L2-PABPN1,protein coding
ENSG00000100836.10,PABPN1,protein coding
ENSG00000100867.14,DHRS2,protein coding
ENSG00000139914.6,FITM1,protein coding
ENSG00000100908.13,EMC9,protein coding
ENSG00000092330.15,TINF2,protein coding
ENSG00000205978.5,NYNRIN,protein coding
ENSG00000092140.14,G2E3,protein coding
ENSG00000100478.14,AP4S1,protein coding
ENSG00000129515.18,SNX6,protein coding
ENSG00000139865.16,TTC6,protein coding
ENSG00000176435.6,CLEC14A,protein coding
ENSG00000100442.10,FKBP3,protein coding
ENSG00000139915.18,MDGA2,protein coding
ENSG00000165501.16,LRR1,protein coding
ENSG00000100479.12,POLE2,protein coding
ENSG00000087299.11,L2HGDH,protein coding
ENSG00000100519.11,PSMC6,protein coding
ENSG00000100523.14,DDHD1,protein coding
ENSG00000131979.18,GCH1,protein coding
ENSG00000126777.17,KTN1,protein coding
ENSG00000027075.14,PRKCH,protein coding
ENSG00000126821.7,SGPP1,protein coding
ENSG00000140009.18,ESR2,protein coding
ENSG00000100714.15,MTHFD1,protein coding
ENSG00000139998.14,RAB15,protein coding
ENSG00000134001.12,EIF2S1,protein coding
ENSG00000081181.7,ARG2,protein coding
ENSG00000072110.13,ACTN1,protein coding
ENSG00000133983.14,COX16,protein coding
ENSG00000139985.6,ADAM21,protein coding
ENSG00000006432.15,MAP3K9,protein coding
ENSG00000197555.9,SIPA1L1,protein coding
ENSG00000140043.11,PTGR2,protein coding
ENSG00000119630.13,PGF,protein coding
ENSG00000071246.10,VASH1,protein coding
ENSG00000177108.5,ZDHHC22,protein coding
ENSG00000119705.9,SLIRP,protein coding
ENSG00000021645.18,NRXN3,protein coding
ENSG00000100722.18,ZC3H14,protein coding
ENSG00000165934.12,CPSF2,protein coding
ENSG00000012963.14,UBR7,protein coding
ENSG00000165948.10,IFI27L1,protein coding
ENSG00000140093.9,SERPINA10,protein coding
ENSG00000066739.11,ATG2B,protein coding
ENSG00000182218.9,HHIPL1,protein coding
ENSG00000036530.8,CYP46A1,protein coding
ENSG00000185559.13,DLK1,protein coding
ENSG00000197102.10,DYNC1H1,protein coding
ENSG00000170779.10,CDCA4,protein coding
ENSG00000182979.17,MTA1,protein coding
ENSG00000273976.1,GOLGA6L1,protein coding
ENSG00000206190.11,ATP10A,protein coding
ENSG00000182256.12,GABRG3,protein coding
ENSG00000169926.10,KLF13,protein coding
ENSG00000175344.17,CHRNA7,protein coding
ENSG00000249931.4,GOLGA8K,protein coding
ENSG00000140319.10,SRP14,protein coding
ENSG00000137841.11,PLCB2,protein coding
ENSG00000104129.9,DNAJC17,protein coding
ENSG00000166145.14,SPINT1,protein coding
ENSG00000104142.10,VPS18,protein coding
ENSG00000159495.7,TGM7,protein coding
ENSG00000171877.20,FRMD5,protein coding
ENSG00000185880.12,TRIM69,protein coding
ENSG00000137860.11,SLC28A2,protein coding
ENSG00000171766.15,GATM,protein coding
ENSG00000171763.18,SPATA5L1,protein coding
ENSG00000185634.11,SHC4,protein coding
ENSG00000186417.13,GLDN,protein coding
ENSG00000169856.8,ONECUT1,protein coding
ENSG00000166415.14,WDR72,protein coding
ENSG00000137876.9,RSL24D1,protein coding
ENSG00000069943.9,PIGB,protein coding
ENSG00000151575.14,TEX9,protein coding
ENSG00000205502.3,C2CD4B,protein coding
ENSG00000197361.7,FBXL22,protein coding
ENSG00000234438.3,KBTBD13,protein coding
ENSG00000074603.18,DPP8,protein coding
ENSG00000157890.17,MEGF11,protein coding
ENSG00000128973.12,CLN6,protein coding
ENSG00000137809.16,ITGA11,protein coding
ENSG00000137831.14,UACA,protein coding
ENSG00000175318.11,GRAMD2,protein coding
ENSG00000137817.16,PARP6,protein coding
ENSG00000140488.15,CELF6,protein coding
ENSG00000167139.8,TBC1D21,protein coding
ENSG00000067221.13,STOML1,protein coding
ENSG00000103653.16,CSK,protein coding
ENSG00000169371.13,SNUPN,protein coding
ENSG00000140374.15,ETFA,protein coding
ENSG00000166411.13,IDH3A,protein coding
ENSG00000103811.15,CTSH,protein coding
ENSG00000086666.18,ZFAND6,protein coding
ENSG00000172345.13,STARD5,protein coding
ENSG00000169612.3,FAM103A1,protein coding
ENSG00000169594.13,BNC1,protein coding
ENSG00000156218.12,ADAMTSL3,protein coding
ENSG00000184206.11,GOLGA6L4,protein coding
ENSG00000176371.13,ZSCAN2,protein coding
ENSG00000156222.11,SLC28A1,protein coding
ENSG00000073417.14,PDE8A,protein coding
ENSG00000183655.12,KLHL25,protein coding
ENSG00000140511.11,HAPLN3,protein coding
ENSG00000140526.17,ABHD2,protein coding
ENSG00000157823.16,AP3S2,protein coding
ENSG00000197299.10,BLM,protein coding
ENSG00000185442.12,FAM174B,protein coding
ENSG00000185551.14,NR2F2,protein coding
ENSG00000068305.17,MEF2A,protein coding
ENSG00000183060.15,LYSMD4,protein coding
ENSG00000183475.12,ASB7,protein coding
ENSG00000184140.5,OR4F6,protein coding
ENSG00000007541.16,PIGQ,protein coding
ENSG00000102854.15,MSLN,protein coding
ENSG00000090581.9,GNPTG,protein coding
ENSG00000251692.7,PTX4,protein coding
ENSG00000127554.12,GFER,protein coding
ENSG00000103197.16,TSC2,protein coding
ENSG00000140992.18,PDPK1,protein coding
ENSG00000005001.9,PRSS22,protein coding
ENSG00000184697.6,CLDN6,protein coding
ENSG00000140987.19,ZSCAN32,protein coding
ENSG00000217930.7,PAM16,protein coding
ENSG00000262246.5,CORO7,protein coding
ENSG00000182831.11,C16orf72,protein coding
ENSG00000166669.13,ATF7IP2,protein coding
ENSG00000038532.14,CLEC16A,protein coding
ENSG00000185338.4,SOCS1,protein coding
ENSG00000069764.9,PLA2G10,protein coding
ENSG00000103226.17,NOMO3,protein coding
ENSG00000170537.12,TMC7,protein coding
ENSG00000103550.13,KNOP1,protein coding
ENSG00000169347.16,GP2,protein coding
ENSG00000188215.9,DCUN1D3,protein coding
ENSG00000158486.13,DNAH3,protein coding
ENSG00000140749.8,IGSF6,protein coding
ENSG00000185864.16,NPIPB4,protein coding
ENSG00000243716.10,NPIPB5,protein coding
ENSG00000166828.2,SCNN1G,protein coding
ENSG00000103356.15,EARS2,protein coding
ENSG00000083093.9,PALB2,protein coding
ENSG00000166851.14,PLK1,protein coding
ENSG00000166869.2,CHP2,protein coding
ENSG00000169180.11,XPO6,protein coding
ENSG00000168488.18,ATXN2L,protein coding
ENSG00000169682.17,SPNS1,protein coding
ENSG00000169203.16,NPIPB12,protein coding
ENSG00000174939.10,ASPHD1,protein coding
ENSG00000169627.7,BOLA2B,protein coding
ENSG00000261052.5,SULT1A3,protein coding
ENSG00000169951.9,ZNF764,protein coding
ENSG00000103496.14,STX4,protein coding
ENSG00000103507.13,BCKDK,protein coding
ENSG00000140678.16,ITGAX,protein coding
ENSG00000156886.11,ITGAD,protein coding
ENSG00000185947.14,ZNF267,protein coding
ENSG00000102893.15,PHKB,protein coding
ENSG00000166164.15,BRD7,protein coding
ENSG00000140807.6,NKD1,protein coding
ENSG00000103449.11,SALL1,protein coding
ENSG00000103494.12,RPGRIP1L,protein coding
ENSG00000159398.15,CES5A,protein coding
ENSG00000087237.10,CETP,protein coding
ENSG00000140853.15,NLRC5,protein coding
ENSG00000102931.7,ARL2BP,protein coding
ENSG00000140859.15,KIFC3,protein coding
ENSG00000166188.2,ZNF319,protein coding
ENSG00000166548.15,TK2,protein coding
ENSG00000172824.14,CES4A,protein coding
ENSG00000176387.6,HSD11B2,protein coding
ENSG00000102901.12,CENPT,protein coding
ENSG00000184939.15,ZFP90,protein coding
ENSG00000039068.18,CDH1,protein coding
ENSG00000258429.1,PDF,protein coding
ENSG00000132604.10,TERF2,protein coding
ENSG00000157353.16,FUK,protein coding
ENSG00000140839.11,CLEC18B,protein coding
ENSG00000168411.13,RFWD3,protein coding
ENSG00000135702.14,CHST5,protein coding
ENSG00000186153.16,WWOX,protein coding
ENSG00000166446.14,CDYL2,protein coding
ENSG00000260300.5,RP11-505K9.4,protein coding
ENSG00000135709.12,KIAA0513,protein coding
ENSG00000103257.8,SLC7A5,protein coding
ENSG00000158545.15,ZC3H18,protein coding
ENSG00000051523.10,CYBA,protein coding
ENSG00000141252.19,VPS53,protein coding
ENSG00000167695.14,FAM57A,protein coding
ENSG00000179409.10,GEMIN4,protein coding
ENSG00000108953.16,YWHAE,protein coding
ENSG00000197879.14,MYO1C,protein coding
ENSG00000174231.16,PRPF8,protein coding
ENSG00000186532.11,SMYD4,protein coding
ENSG00000132383.11,RPA1,protein coding
ENSG00000007168.12,PAFAH1B1,protein coding
ENSG00000141255.12,SPATA22,protein coding
ENSG00000177602.5,GSG2,protein coding
ENSG00000185722.16,ANKFY1,protein coding
ENSG00000182557.7,SPNS3,protein coding
ENSG00000183018.8,SPNS2,protein coding
ENSG00000161905.12,ALOX15,protein coding
ENSG00000161921.14,CXCL16,protein coding
ENSG00000141503.15,MINK1,protein coding
ENSG00000108556.7,CHRNE,protein coding
ENSG00000185245.7,GP1BA,protein coding
ENSG00000129204.16,USP6,protein coding
ENSG00000180626.9,ZNF594,protein coding
ENSG00000108561.8,C1QBP,protein coding
ENSG00000167842.15,MIS12,protein coding
ENSG00000129195.15,FAM64A,protein coding
ENSG00000198920.9,KIAA0753,protein coding
ENSG00000132530.16,XAF1,protein coding
ENSG00000170296.9,GABARAP,protein coding
ENSG00000181885.18,CLDN7,protein coding
ENSG00000132522.15,GPS2,protein coding
ENSG00000169992.9,NLGN2,protein coding
ENSG00000283439.1,RP11-104H15.12,protein coding
ENSG00000181284.2,TMEM102,protein coding
ENSG00000161958.10,FGF11,protein coding
ENSG00000141499.16,WRAP53,protein coding
ENSG00000167874.6,TMEM88,protein coding
ENSG00000170037.13,CNTROB,protein coding
ENSG00000178999.12,AURKB,protein coding
ENSG00000184619.3,KRBA2,protein coding
ENSG00000133020.4,MYH8,protein coding
ENSG00000006744.18,ELAC2,protein coding
ENSG00000153976.2,HS3ST3A1,protein coding
ENSG00000214946.14,TBC1D26,protein coding
ENSG00000197566.9,ZNF624,protein coding
ENSG00000108557.18,RAI1,protein coding
ENSG00000176974.19,SHMT1,protein coding
ENSG00000213077.5,FAM106A,protein coding
ENSG00000154016.13,GRAP,protein coding
ENSG00000108587.15,GOSR1,protein coding
ENSG00000184060.10,ADAP2,protein coding
ENSG00000181481.13,RNF135,protein coding
ENSG00000108666.9,C17orf75,protein coding
ENSG00000141161.11,UNC45B,protein coding
ENSG00000154760.13,SLFN13,protein coding
ENSG00000108733.9,PEX12,protein coding
ENSG00000275700.4,AATF,protein coding
ENSG00000274512.5,TBC1D3L,protein coding
ENSG00000278599.5,TBC1D3E,protein coding
ENSG00000275489.1,C17orf98,protein coding
ENSG00000108298.9,RPL19,protein coding
ENSG00000131771.13,PPP1R1B,protein coding
ENSG00000141744.3,PNMT,protein coding
ENSG00000094804.9,CDC6,protein coding
ENSG00000167916.4,KRT24,protein coding
ENSG00000212721.3,KRTAP4-11,protein coding
ENSG00000094796.4,KRT31,protein coding
ENSG00000108759.3,KRT32,protein coding
ENSG00000141696.12,P3H4,protein coding
ENSG00000187595.15,ZNF385C,protein coding
ENSG00000267221.2,CTD-2132N18.2,protein coding
ENSG00000260325.1,HSPB9,protein coding
ENSG00000089558.8,KCNH4,protein coding
ENSG00000067596.10,DHX8,protein coding
ENSG00000108849.7,PPY,protein coding
ENSG00000108312.14,UBTF,protein coding
ENSG00000161692.17,DBF4B,protein coding
ENSG00000073670.13,ADAM11,protein coding
ENSG00000108883.12,EFTUD2,protein coding
ENSG00000167131.16,CCDC103,protein coding
ENSG00000136448.11,NMT1,protein coding
ENSG00000228696.8,ARL17B,protein coding
ENSG00000176681.14,LRRC37A,protein coding
ENSG00000185829.17,ARL17A,protein coding
ENSG00000004897.11,CDC27,protein coding
ENSG00000259207.7,ITGB3,protein coding
ENSG00000073861.2,TBX21,protein coding
ENSG00000120094.6,HOXB1,protein coding
ENSG00000260027.4,HOXB7,protein coding
ENSG00000229637.3,PRAC2,protein coding
ENSG00000064300.8,NGFR,protein coding
ENSG00000064195.7,DLX3,protein coding
ENSG00000011260.13,UTP18,protein coding
ENSG00000166263.13,STXBP4,protein coding
ENSG00000108924.13,HLF,protein coding
ENSG00000011028.13,MRC2,protein coding
ENSG00000136463.7,TACO1,protein coding
ENSG00000108604.15,SMARCD2,protein coding
ENSG00000224383.7,PRR29,protein coding
ENSG00000108622.10,ICAM2,protein coding
ENSG00000108654.13,DDX5,protein coding
ENSG00000075461.5,CACNG4,protein coding
ENSG00000154263.17,ABCA10,protein coding
ENSG00000125398.5,SOX9,protein coding
ENSG00000069188.16,SDK2,protein coding
ENSG00000141540.10,TTYH2,protein coding
ENSG00000186407.6,CD300E,protein coding
ENSG00000161513.11,FDXR,protein coding
ENSG00000189159.15,HN1,protein coding
ENSG00000141569.10,TRIM65,protein coding
ENSG00000182687.3,GALR2,protein coding
ENSG00000129654.7,FOXJ1,protein coding
ENSG00000214140.10,PRCD,protein coding
ENSG00000171302.16,CANT1,protein coding
ENSG00000181409.11,AATK,protein coding
ENSG00000225180.7,AATK-AS1,protein coding
ENSG00000185332.6,TMEM105,protein coding
ENSG00000266074.8,BAHCC1,protein coding
ENSG00000185359.12,HGS,protein coding
ENSG00000141522.11,ARHGDIA,protein coding
ENSG00000169689.14,CENPX,protein coding
ENSG00000169710.8,FASN,protein coding
ENSG00000141579.6,ZNF750,protein coding
ENSG00000176890.15,TYMS,protein coding
ENSG00000101596.14,SMCHD1,protein coding
ENSG00000132205.10,EMILIN2,protein coding
ENSG00000101558.13,VAPA,protein coding
ENSG00000141401.11,IMPA2,protein coding
ENSG00000101654.17,RNMT,protein coding
ENSG00000134504.12,KCTD1,protein coding
ENSG00000171885.13,AQP4,protein coding
ENSG00000186496.10,ZNF396,protein coding
ENSG00000152223.12,EPG5,protein coding
ENSG00000196628.15,TCF4,protein coding
ENSG00000172175.12,MALT1,protein coding
ENSG00000134443.9,GRP,protein coding
ENSG00000206072.12,SERPINB11,protein coding
ENSG00000166401.14,SERPINB8,protein coding
ENSG00000206052.10,DOK6,protein coding
ENSG00000166347.18,CYB5A,protein coding
ENSG00000130856.15,ZNF236,protein coding
ENSG00000256463.8,SALL3,protein coding
ENSG00000166377.19,ATP9B,protein coding
ENSG00000099864.17,PALM,protein coding
ENSG00000197766.7,CFD,protein coding
ENSG00000167468.16,GPX4,protein coding
ENSG00000167470.12,MIDN,protein coding
ENSG00000115268.9,RPS15,protein coding
ENSG00000065000.15,AP3D1,protein coding
ENSG00000104899.7,AMH,protein coding
ENSG00000171970.12,ZNF57,protein coding
ENSG00000065717.14,TLE2,protein coding
ENSG00000125910.5,S1PR4,protein coding
ENSG00000125912.10,NCLN,protein coding
ENSG00000141905.17,NFIC,protein coding
ENSG00000105255.10,FSD1,protein coding
ENSG00000008382.15,MPND,protein coding
ENSG00000185361.8,TNFAIP8L1,protein coding
ENSG00000105355.8,PLIN3,protein coding
ENSG00000276043.4,UHRF1,protein coding
ENSG00000105428.5,ZNRF4,protein coding
ENSG00000212123.3,PRR22,protein coding
ENSG00000174886.12,NDUFA11,protein coding
ENSG00000125656.8,CLPP,protein coding
ENSG00000125650.4,PSPN,protein coding
ENSG00000181240.13,SLC25A41,protein coding
ENSG00000125657.4,TNFSF9,protein coding
ENSG00000196589.6,CTB-25J19.1,protein coding
ENSG00000032444.15,PNPLA6,protein coding
ENSG00000076944.15,STXBP2,protein coding
ENSG00000181029.8,TRAPPC5,protein coding
ENSG00000066044.14,ELAVL1,protein coding
ENSG00000131142.13,CCL25,protein coding
ENSG00000133246.11,PRAM1,protein coding
ENSG00000181786.4,ACTL9,protein coding
ENSG00000171469.10,ZNF561,protein coding
ENSG00000090339.8,ICAM1,protein coding
ENSG00000161847.13,RAVER1,protein coding
ENSG00000105401.8,CDC37,protein coding
ENSG00000065989.15,PDE4A,protein coding
ENSG00000130734.9,ATG4D,protein coding
ENSG00000197256.10,KANK2,protein coding
ENSG00000105514.7,RAB3D,protein coding
ENSG00000183401.11,CCDC159,protein coding
ENSG00000205517.12,RGL3,protein coding
ENSG00000161914.9,ZNF653,protein coding
ENSG00000197933.12,ZNF823,protein coding
ENSG00000198342.9,ZNF442,protein coding
ENSG00000104774.12,MAN2B1,protein coding
ENSG00000161860.7,SYCE2,protein coding
ENSG00000179284.5,DAND5,protein coding
ENSG00000104915.14,STX10,protein coding
ENSG00000132003.9,ZSWIM4,protein coding
ENSG00000187556.7,NANOS3,protein coding
ENSG00000123146.19,ADGRE5,protein coding
ENSG00000188269.8,OR7A5,protein coding
ENSG00000105122.12,RASAL3,protein coding
ENSG00000105393.15,BABAM1,protein coding
ENSG00000130299.16,GTPBP3,protein coding
ENSG00000269720.2,CTD-2521M24.13,protein coding
ENSG00000130475.14,FCHO1,protein coding
ENSG00000007080.10,CCDC124,protein coding
ENSG00000006015.17,C19orf60,protein coding
ENSG00000223802.7,CERS1,protein coding
ENSG00000051128.18,HOMER3,protein coding
ENSG00000129933.20,MAU2,protein coding
ENSG00000250067.11,YJEFN3,protein coding
ENSG00000256771.3,ZNF253,protein coding
ENSG00000160321.14,ZNF208,protein coding
ENSG00000197134.11,ZNF257,protein coding
ENSG00000197372.9,ZNF675,protein coding
ENSG00000105171.9,POP4,protein coding
ENSG00000186326.3,RGS9BP,protein coding
ENSG00000076650.6,GPATCH1,protein coding
ENSG00000130881.13,LRP3,protein coding
ENSG00000245848.2,CEBPA,protein coding
ENSG00000153896.17,ZNF599,protein coding
ENSG00000126251.6,GPR42,protein coding
ENSG00000161249.20,DMKN,protein coding
ENSG00000105677.11,TMEM147,protein coding
ENSG00000126267.8,COX6B1,protein coding
ENSG00000205155.7,PSENEN,protein coding
ENSG00000004777.18,ARHGAP33,protein coding
ENSG00000105290.11,APLP1,protein coding
ENSG00000185869.14,ZNF829,protein coding
ENSG00000171827.10,ZNF570,protein coding
ENSG00000167645.16,YIF1B,protein coding
ENSG00000130244.12,FAM98C,protein coding
ENSG00000171777.15,RASGRP4,protein coding
ENSG00000178982.9,EIF3K,protein coding
ENSG00000130402.11,ACTN4,protein coding
ENSG00000182472.8,CAPN12,protein coding
ENSG00000104835.14,SARS2,protein coding
ENSG00000161243.8,FBXO27,protein coding
ENSG00000213921.7,LEUTX,protein coding
ENSG00000123815.11,COQ8B,protein coding
ENSG00000105329.9,TGFB1,protein coding
ENSG00000123810.7,B9D2,protein coding
ENSG00000077348.8,EXOSC5,protein coding
ENSG00000204978.2,ERICH4,protein coding
ENSG00000105409.16,ATP1A3,protein coding
ENSG00000167625.10,ZNF526,protein coding
ENSG00000131116.11,ZNF428,protein coding
ENSG00000267508.5,ZNF285,protein coding
ENSG00000069399.14,BCL3,protein coding
ENSG00000130202.9,NECTIN2,protein coding
ENSG00000125740.13,FOSB,protein coding
ENSG00000170604.4,IRF2BP1,protein coding
ENSG00000204866.8,IGFL2,protein coding
ENSG00000042753.11,AP2S1,protein coding
ENSG00000130748.6,TMEM160,protein coding
ENSG00000105327.17,BBC3,protein coding
ENSG00000105402.7,NAPA,protein coding
ENSG00000178980.14,SELENOW,protein coding
ENSG00000178928.8,TPRX1,protein coding
ENSG00000161558.10,TMEM143,protein coding
ENSG00000105467.8,SYNGR4,protein coding
ENSG00000182324.6,KCNJ14,protein coding
ENSG00000104818.14,CGB2,protein coding
ENSG00000104863.11,LIN7B,protein coding
ENSG00000161652.12,IZUMO2,protein coding
ENSG00000204653.9,ASPDH,protein coding
ENSG00000161681.15,SHANK1,protein coding
ENSG00000167759.12,KLK13,protein coding
ENSG00000105383.14,CD33,protein coding
ENSG00000105366.15,SIGLEC8,protein coding
ENSG00000105497.7,ZNF175,protein coding
ENSG00000161551.14,ZNF577,protein coding
ENSG00000198093.10,ZNF649,protein coding
ENSG00000197619.13,ZNF615,protein coding
ENSG00000196267.12,ZNF836,protein coding
ENSG00000180257.13,ZNF816,protein coding
ENSG00000228567.3,VN1R4,protein coding
ENSG00000105605.7,CACNG7,protein coding
ENSG00000189068.9,VSTM1,protein coding
ENSG00000239961.2,LILRA4,protein coding
ENSG00000167613.15,LAIR1,protein coding
ENSG00000104972.15,LILRB1,protein coding
ENSG00000129990.14,SYT5,protein coding
ENSG00000180089.5,TMEM86B,protein coding
ENSG00000105063.18,PPP6R1,protein coding
ENSG00000233493.3,TMEM238,protein coding
ENSG00000187550.8,SBK2,protein coding
ENSG00000218891.4,ZNF579,protein coding
ENSG00000171425.9,ZNF581,protein coding
ENSG00000223638.3,RFPL4A,protein coding
ENSG00000160505.15,NLRP4,protein coding
ENSG00000105146.12,AURKC,protein coding
ENSG00000197714.8,ZNF460,protein coding
ENSG00000105136.20,ZNF419,protein coding
ENSG00000179909.15,ZNF154,protein coding
ENSG00000121413.12,ZSCAN18,protein coding
ENSG00000099326.8,MZF1,protein coding
ENSG00000125788.5,DEFB126,protein coding
ENSG00000185982.6,DEFB128,protein coding
ENSG00000125878.6,TCF15,protein coding
ENSG00000125818.17,PSMF1,protein coding
ENSG00000101327.8,PDYN,protein coding
ENSG00000258713.2,C20orf141,protein coding
ENSG00000125817.7,CENPB,protein coding
ENSG00000101290.13,CDS2,protein coding
ENSG00000125869.9,LAMP5,protein coding
ENSG00000125864.13,BFSP1,protein coding
ENSG00000101343.14,CRNKL1,protein coding
ENSG00000125816.4,NKX2-4,protein coding
ENSG00000125823.12,CSTL1,protein coding
ENSG00000173335.4,CST9,protein coding
ENSG00000170373.8,CST1,protein coding
ENSG00000101294.16,HM13,protein coding
ENSG00000101337.15,TM9SF4,protein coding
ENSG00000167104.11,BPIFB6,protein coding
ENSG00000125977.6,EIF2S2,protein coding
ENSG00000101460.12,MAP1LC3A,protein coding
ENSG00000126005.16,MMP24-AS1,protein coding
ENSG00000125998.7,FAM83C,protein coding
ENSG00000214078.12,CPNE1,protein coding
ENSG00000244462.7,RBM12,protein coding
ENSG00000131043.11,AAR2,protein coding
ENSG00000101335.9,MYL9,protein coding
ENSG00000149633.11,KIAA1755,protein coding
ENSG00000101442.9,ACTR5,protein coding
ENSG00000101447.14,FAM83D,protein coding
ENSG00000183798.4,EMILIN3,protein coding
ENSG00000124191.17,TOX2,protein coding
ENSG00000124194.16,GDAP1L1,protein coding
ENSG00000132824.13,SERINC3,protein coding
ENSG00000124145.6,SDC4,protein coding
ENSG00000243543.8,WFDC6,protein coding
ENSG00000180205.3,WFDC9,protein coding
ENSG00000168634.4,WFDC13,protein coding
ENSG00000101470.9,TNNC2,protein coding
ENSG00000132801.6,ZSWIM3,protein coding
ENSG00000124198.8,ARFGEF2,protein coding
ENSG00000124212.5,PTGIS,protein coding
ENSG00000197818.11,SLC9A8,protein coding
ENSG00000240849.10,TMEM189,protein coding
ENSG00000042062.11,FAM65C,protein coding
ENSG00000101134.11,DOK5,protein coding
ENSG00000022277.12,RTFDC1,protein coding
ENSG00000124253.10,PCK1,protein coding
ENSG00000124209.3,RAB22A,protein coding
ENSG00000124164.15,VAPB,protein coding
ENSG00000101160.13,CTSZ,protein coding
ENSG00000130701.3,RBBP8NL,protein coding
ENSG00000101190.12,TCFL5,protein coding
ENSG00000125533.5,BHLHE23,protein coding
ENSG00000101197.12,BIRC7,protein coding
ENSG00000101198.14,NKAIN4,protein coding
ENSG00000101199.12,ARFGAP1,protein coding
ENSG00000203896.9,LIME1,protein coding
ENSG00000203880.11,PCMTD2,protein coding
ENSG00000275464.4,CH507-9B2.5,protein coding
ENSG00000155307.17,SAMSN1,protein coding
ENSG00000154646.8,TMPRSS15,protein coding
ENSG00000198862.13,LTN1,protein coding
ENSG00000171189.17,GRIK1,protein coding
ENSG00000197683.4,KRTAP26-1,protein coding
ENSG00000206107.2,KRTAP27-1,protein coding
ENSG00000184351.7,KRTAP19-1,protein coding
ENSG00000184032.2,KRTAP20-2,protein coding
ENSG00000274749.1,KRTAP7-1,protein coding
ENSG00000142149.8,HUNK,protein coding
ENSG00000170262.12,MRAP,protein coding
ENSG00000159086.14,PAXBP1,protein coding
ENSG00000177692.11,DNAJC28,protein coding
ENSG00000198743.6,SLC5A3,protein coding
ENSG00000159197.3,KCNE2,protein coding
ENSG00000183145.8,RIPPLY3,protein coding
ENSG00000157538.13,DSCR3,protein coding
ENSG00000183778.17,B3GALT5,protein coding
ENSG00000183067.5,IGSF5,protein coding
ENSG00000160183.13,TMPRSS3,protein coding
ENSG00000142178.7,SIK1,protein coding
ENSG00000160216.18,AGPAT3,protein coding
ENSG00000212935.1,KRTAP10-3,protein coding
ENSG00000243489.4,KRTAP10-11,protein coding
ENSG00000142173.14,COL6A2,protein coding
ENSG00000099968.17,BCL2L13,protein coding
ENSG00000243156.7,MICAL3,protein coding
ENSG00000274252.1,GGTLC3,protein coding
ENSG00000100034.13,PPM1F,protein coding
ENSG00000100121.12,GGTLC2,protein coding
ENSG00000100218.11,RSPH14,protein coding
ENSG00000128218.7,VPREB3,protein coding
ENSG00000184571.13,PIWIL3,protein coding
ENSG00000167037.18,SGSM1,protein coding
ENSG00000100068.11,LRP5L,protein coding
ENSG00000100099.20,HPS4,protein coding
ENSG00000183579.15,ZNRF3,protein coding
ENSG00000100249.4,C22orf31,protein coding
ENSG00000186998.15,EMID1,protein coding
ENSG00000100263.13,RHBDD3,protein coding
ENSG00000128250.5,RFPL1,protein coding
ENSG00000100285.9,NEFH,protein coding
ENSG00000100330.15,MTMR3,protein coding
ENSG00000099999.14,RNF215,protein coding
ENSG00000100078.3,PLA2G3,protein coding
ENSG00000184708.17,EIF4ENIF1,protein coding
ENSG00000100234.11,TIMP3,protein coding
ENSG00000100360.14,IFT27,protein coding
ENSG00000128309.16,MPST,protein coding
ENSG00000128283.6,CDC42EP1,protein coding
ENSG00000241360.1,PDXP,protein coding
ENSG00000273899.4,NOL12,protein coding
ENSG00000185022.11,MAFF,protein coding
ENSG00000100216.5,TOMM22,protein coding
ENSG00000100246.12,DNAL4,protein coding
ENSG00000100307.12,CBX7,protein coding
ENSG00000100316.15,RPL3,protein coding
ENSG00000100321.14,SYNGR1,protein coding
ENSG00000100372.14,SLC25A17,protein coding
ENSG00000100399.15,CHADL,protein coding
ENSG00000100410.7,PHF5A,protein coding
ENSG00000100413.16,POLR3H,protein coding
ENSG00000196419.12,XRCC6,protein coding
ENSG00000183172.8,SMDT1,protein coding
ENSG00000100347.14,SAMM50,protein coding
ENSG00000075218.18,GTSE1,protein coding
ENSG00000182858.13,ALG12,protein coding
ENSG00000188263.10,IL17REL,protein coding
ENSG00000188130.13,MAPK12,protein coding
ENSG00000100241.20,SBF1,protein coding
ENSG00000130489.14,SCO2,protein coding
ENSG00000198223.16,CSF2RA,protein coding
ENSG00000196433.12,ASMT,protein coding
ENSG00000169084.13,DHRSX,protein coding
ENSG00000187268.11,FAM9C,protein coding
ENSG00000198759.11,EGFL6,protein coding
ENSG00000176896.8,TCEANC,protein coding
ENSG00000165192.13,ASB11,protein coding
ENSG00000087842.10,PIR,protein coding
ENSG00000102104.8,RS1,protein coding
ENSG00000185915.5,KLHL34,protein coding
ENSG00000102172.15,SMS,protein coding
ENSG00000176774.5,MAGEB18,protein coding
ENSG00000224960.4,PPP4R3CP,protein coding
ENSG00000214107.7,MAGEB1,protein coding
ENSG00000189132.6,FAM47B,protein coding
ENSG00000130962.17,PRRG1,protein coding
ENSG00000036473.6,OTC,protein coding
ENSG00000180182.10,MED14,protein coding
ENSG00000102055.6,PPP1R2P9,protein coding
ENSG00000189221.9,MAOA,protein coding
ENSG00000102218.5,RP2,protein coding
ENSG00000130988.12,RGN,protein coding
ENSG00000130985.16,UBA1,protein coding
ENSG00000165583.14,SSX5,protein coding
ENSG00000126752.7,SSX1,protein coding
ENSG00000165584.15,SSX3,protein coding
ENSG00000102109.8,PCSK1N,protein coding
ENSG00000012211.12,PRICKLE3,protein coding
ENSG00000224902.5,GAGE12H,protein coding
ENSG00000187243.16,MAGED4B,protein coding
ENSG00000179304.16,FAM156B,protein coding
ENSG00000072501.17,SMC1A,protein coding
ENSG00000184083.11,FAM120C,protein coding
ENSG00000130119.15,GNL3L,protein coding
ENSG00000169188.4,APEX2,protein coding
ENSG00000204272.12,NBDY,protein coding
ENSG00000198881.9,ASB12,protein coding
ENSG00000131080.14,EDA2R,protein coding
ENSG00000089289.15,IGBP1,protein coding
ENSG00000196338.12,NLGN3,protein coding
ENSG00000131264.3,CDX4,protein coding
ENSG00000102144.13,PGK1,protein coding
ENSG00000165259.13,HDX,protein coding
ENSG00000153779.10,TGIF2LX,protein coding
ENSG00000000003.14,TSPAN6,protein coding
ENSG00000007952.17,NOX1,protein coding
ENSG00000102393.9,GLA,protein coding
ENSG00000102401.19,ARMCX3,protein coding
ENSG00000166432.14,ZMAT1,protein coding
ENSG00000184905.8,TCEAL2,protein coding
ENSG00000133134.11,BEX2,protein coding
ENSG00000123575.8,FAM199X,protein coding
ENSG00000123561.14,SERPINA7,protein coding
ENSG00000157514.16,TSC22D3,protein coding
ENSG00000101843.18,PSMD10,protein coding
ENSG00000101890.4,GUCY2F,protein coding
ENSG00000068366.19,ACSL4,protein coding
ENSG00000226685.4,CT47A12,protein coding
ENSG00000226023.6,CT47A6,protein coding
ENSG00000282815.1,TEX13C,protein coding
ENSG00000198354.6,DCAF12L2,protein coding
ENSG00000085185.15,BCORL1,protein coding
ENSG00000102245.7,CD40LG,protein coding
ENSG00000134595.8,SOX3,protein coding
ENSG00000182195.7,LDOC1,protein coding
ENSG00000165509.13,MAGEC3,protein coding
ENSG00000155966.13,AFF2,protein coding
ENSG00000268738.2,HSFX2,protein coding
ENSG00000063601.16,MTMR1,protein coding
ENSG00000183862.5,CNGA2,protein coding
ENSG00000147403.16,RPL10,protein coding
ENSG00000277203.1,F8A1,protein coding
ENSG00000185515.14,BRCC3,protein coding
ENSG00000124333.15,VAMP7,protein coding
ENSG00000169084.13_PAR_Y,DHRSX,protein coding
ENSG00000099721.13,AMELY,protein coding
ENSG00000092377.13,TBL1Y,protein coding
ENSG00000242875.6,RBMY1B,protein coding
ENSG00000242389.8,RBMY1E,protein coding
ENSG00000169789.10,PRY,protein coding
ENSG00000188120.14,DAZ1,protein coding
ENSG00000198786.2,MT-ND5,protein coding
ENSG00000198727.2,MT-CYB,protein coding
